row_key,CLM_ID,injection_type
batch-3-R000000,BATCH-3-CLM-0000000,none
batch-3-R000001,BATCH-3-CLM-0000001,none
batch-3-R000002,BATCH-3-CLM-0000002,none
batch-3-R000003,BATCH-3-CLM-0000003,none
batch-3-R000004,BATCH-3-CLM-0000004,none
batch-3-R000005,BATCH-3-CLM-0000005,none
batch-3-R000006,BATCH-3-CLM-0000006,none
batch-3-R000007,BATCH-3-CLM-0000007,none
batch-3-R000008,BATCH-3-CLM-0000008,none
batch-3-R000009,BATCH-3-CLM-0000009,none
batch-3-R000010,BATCH-3-CLM-0000010,none
batch-3-R000011,BATCH-3-CLM-0000011,none
batch-3-R000012,BATCH-3-CLM-0000012,none
batch-3-R000013,BATCH-3-CLM-0000013,none
batch-3-R000014,BATCH-3-CLM-0000014,none
batch-3-R000015,BATCH-3-CLM-0000015,none
batch-3-R000016,BATCH-3-CLM-0000016,none
batch-3-R000017,BATCH-3-CLM-0000017,none
batch-3-R000018,BATCH-3-CLM-0000018,none
batch-3-R000019,BATCH-3-CLM-0000019,none
batch-3-R000020,BATCH-3-CLM-0000020,none
batch-3-R000021,BATCH-3-CLM-0000021,none
batch-3-R000022,BATCH-3-CLM-0000022,none
batch-3-R000023,BATCH-3-CLM-0000023,none
batch-3-R000024,BATCH-3-CLM-0000024,none
batch-3-R000025,BATCH-3-CLM-0000025,none
batch-3-R000026,BATCH-3-CLM-0000026,none
batch-3-R000027,BATCH-3-CLM-0000027,none
batch-3-R000028,BATCH-3-CLM-0000028,none
batch-3-R000029,BATCH-3-CLM-0000029,none
batch-3-R000030,BATCH-3-CLM-0000030,none
batch-3-R000031,BATCH-3-CLM-0000031,none
batch-3-R000032,BATCH-3-CLM-0000032,none
batch-3-R000033,BATCH-3-CLM-0000033,none
batch-3-R000034,BATCH-3-CLM-0000034,none
batch-3-R000035,BATCH-3-CLM-0000035,none
batch-3-R000036,BATCH-3-CLM-0000036,none
batch-3-R000037,BATCH-3-CLM-0000037,none
batch-3-R000038,BATCH-3-CLM-0000038,none
batch-3-R000039,BATCH-3-CLM-0000039,none
batch-3-R000040,BATCH-3-CLM-0000040,none
batch-3-R000041,BATCH-3-CLM-0000041,none
batch-3-R000042,BATCH-3-CLM-0000042,none
batch-3-R000043,BATCH-3-CLM-0000043,none
batch-3-R000044,BATCH-3-CLM-0000044,none
batch-3-R000045,BATCH-3-CLM-0000045,none
batch-3-R000046,BATCH-3-CLM-0000046,none
batch-3-R000047,BATCH-3-CLM-0000047,none
batch-3-R000048,BATCH-3-CLM-0000048,none
batch-3-R000049,BATCH-3-CLM-0000049,none
batch-3-R000050,BATCH-3-CLM-0000050,none
batch-3-R000051,BATCH-3-CLM-0000051,none
batch-3-R000052,BATCH-3-CLM-0000052,none
batch-3-R000053,BATCH-3-CLM-0000053,none
batch-3-R000054,BATCH-3-CLM-0000054,none
batch-3-R000055,BATCH-3-CLM-0000055,none
batch-3-R000056,BATCH-3-CLM-0000056,none
batch-3-R000057,BATCH-3-CLM-0000057,none
batch-3-R000058,BATCH-3-CLM-0000058,none
batch-3-R000059,BATCH-3-CLM-0000059,none
batch-3-R000060,BATCH-3-CLM-0000060,none
batch-3-R000061,BATCH-3-CLM-0000061,none
batch-3-R000062,BATCH-3-CLM-0000062,none
batch-3-R000063,BATCH-3-CLM-0000063,none
batch-3-R000064,BATCH-3-CLM-0000064,none
batch-3-R000065,BATCH-3-CLM-0000065,none
batch-3-R000066,BATCH-3-CLM-0000066,none
batch-3-R000067,BATCH-3-CLM-0000067,none
batch-3-R000068,BATCH-3-CLM-0000068,none
batch-3-R000069,BATCH-3-CLM-0000069,none
batch-3-R000070,BATCH-3-CLM-0000070,none
batch-3-R000071,BATCH-3-CLM-0000071,none
batch-3-R000072,BATCH-3-CLM-0000072,none
batch-3-R000073,BATCH-3-CLM-0000073,none
batch-3-R000074,BATCH-3-CLM-0000074,none
batch-3-R000075,BATCH-3-CLM-0000075,none
batch-3-R000076,BATCH-3-CLM-0000076,none
batch-3-R000077,BATCH-3-CLM-0000077,none
batch-3-R000078,BATCH-3-CLM-0000078,none
batch-3-R000079,BATCH-3-CLM-0000079,none
batch-3-R000080,BATCH-3-CLM-0000080,none
batch-3-R000081,BATCH-3-CLM-0000081,none
batch-3-R000082,BATCH-3-CLM-0000082,none
batch-3-R000083,BATCH-3-CLM-0000083,none
batch-3-R000084,BATCH-3-CLM-0000084,none
batch-3-R000085,BATCH-3-CLM-0000085,none
batch-3-R000086,BATCH-3-CLM-0000086,none
batch-3-R000087,BATCH-3-CLM-0000087,none
batch-3-R000088,BATCH-3-CLM-0000088,none
batch-3-R000089,BATCH-3-CLM-0000089,none
batch-3-R000090,BATCH-3-CLM-0000090,none
batch-3-R000091,BATCH-3-CLM-0000091,none
batch-3-R000092,BATCH-3-CLM-0000092,none
batch-3-R000093,BATCH-3-CLM-0000093,none
batch-3-R000094,BATCH-3-CLM-0000094,none
batch-3-R000095,BATCH-3-CLM-0000095,none
batch-3-R000096,BATCH-3-CLM-0000096,none
batch-3-R000097,BATCH-3-CLM-0000097,none
batch-3-R000098,BATCH-3-CLM-0000098,none
batch-3-R000099,BATCH-3-CLM-0000099,none
batch-3-R000100,BATCH-3-CLM-0000100,none
batch-3-R000101,BATCH-3-CLM-0000101,none
batch-3-R000102,BATCH-3-CLM-0000102,none
batch-3-R000103,BATCH-3-CLM-0000103,none
batch-3-R000104,BATCH-3-CLM-0000104,none
batch-3-R000105,BATCH-3-CLM-0000105,none
batch-3-R000106,BATCH-3-CLM-0000106,none
batch-3-R000107,BATCH-3-CLM-0000107,none
batch-3-R000108,BATCH-3-CLM-0000108,none
batch-3-R000109,BATCH-3-CLM-0000109,none
batch-3-R000110,BATCH-3-CLM-0000110,none
batch-3-R000111,BATCH-3-CLM-0000111,none
batch-3-R000112,BATCH-3-CLM-0000112,none
batch-3-R000113,BATCH-3-CLM-0000113,none
batch-3-R000114,BATCH-3-CLM-0000114,none
batch-3-R000115,BATCH-3-CLM-0000115,none
batch-3-R000116,BATCH-3-CLM-0000116,none
batch-3-R000117,BATCH-3-CLM-0000117,none
batch-3-R000118,BATCH-3-CLM-0000118,none
batch-3-R000119,BATCH-3-CLM-0000119,none
batch-3-R000120,BATCH-3-CLM-0000120,none
batch-3-R000121,BATCH-3-CLM-0000121,none
batch-3-R000122,BATCH-3-CLM-0000122,none
batch-3-R000123,BATCH-3-CLM-0000123,none
batch-3-R000124,BATCH-3-CLM-0000124,none
batch-3-R000125,BATCH-3-CLM-0000125,none
batch-3-R000126,BATCH-3-CLM-0000126,none
batch-3-R000127,BATCH-3-CLM-0000127,none
batch-3-R000128,BATCH-3-CLM-0000128,none
batch-3-R000129,BATCH-3-CLM-0000129,none
batch-3-R000130,BATCH-3-CLM-0000130,none
batch-3-R000131,BATCH-3-CLM-0000131,none
batch-3-R000132,BATCH-3-CLM-0000132,none
batch-3-R000133,BATCH-3-CLM-0000133,none
batch-3-R000134,BATCH-3-CLM-0000134,none
batch-3-R000135,BATCH-3-CLM-0000135,none
batch-3-R000136,BATCH-3-CLM-0000136,none
batch-3-R000137,BATCH-3-CLM-0000137,none
batch-3-R000138,BATCH-3-CLM-0000138,none
batch-3-R000139,BATCH-3-CLM-0000139,none
batch-3-R000140,BATCH-3-CLM-0000140,none
batch-3-R000141,BATCH-3-CLM-0000141,none
batch-3-R000142,BATCH-3-CLM-0000142,none
batch-3-R000143,BATCH-3-CLM-0000143,none
batch-3-R000144,BATCH-3-CLM-0000144,none
batch-3-R000145,BATCH-3-CLM-0000145,none
batch-3-R000146,BATCH-3-CLM-0000146,none
batch-3-R000147,BATCH-3-CLM-0000147,none
batch-3-R000148,BATCH-3-CLM-0000148,none
batch-3-R000149,BATCH-3-CLM-0000149,none
batch-3-R000150,BATCH-3-CLM-0000150,none
batch-3-R000151,BATCH-3-CLM-0000151,none
batch-3-R000152,BATCH-3-CLM-0000152,none
batch-3-R000153,BATCH-3-CLM-0000153,none
batch-3-R000154,BATCH-3-CLM-0000154,none
batch-3-R000155,BATCH-3-CLM-0000155,none
batch-3-R000156,BATCH-3-CLM-0000156,none
batch-3-R000157,BATCH-3-CLM-0000157,none
batch-3-R000158,BATCH-3-CLM-0000158,none
batch-3-R000159,BATCH-3-CLM-0000159,none
batch-3-R000160,BATCH-3-CLM-0000160,none
batch-3-R000161,BATCH-3-CLM-0000161,none
batch-3-R000162,BATCH-3-CLM-0000162,none
batch-3-R000163,BATCH-3-CLM-0000163,none
batch-3-R000164,BATCH-3-CLM-0000164,none
batch-3-R000165,BATCH-3-CLM-0000165,none
batch-3-R000166,BATCH-3-CLM-0000166,none
batch-3-R000167,BATCH-3-CLM-0000167,none
batch-3-R000168,BATCH-3-CLM-0000168,none
batch-3-R000169,BATCH-3-CLM-0000169,none
batch-3-R000170,BATCH-3-CLM-0000170,none
batch-3-R000171,BATCH-3-CLM-0000171,none
batch-3-R000172,BATCH-3-CLM-0000172,none
batch-3-R000173,BATCH-3-CLM-0000173,none
batch-3-R000174,BATCH-3-CLM-0000174,none
batch-3-R000175,BATCH-3-CLM-0000175,none
batch-3-R000176,BATCH-3-CLM-0000176,none
batch-3-R000177,BATCH-3-CLM-0000177,none
batch-3-R000178,BATCH-3-CLM-0000178,none
batch-3-R000179,BATCH-3-CLM-0000179,none
batch-3-R000180,BATCH-3-CLM-0000180,none
batch-3-R000181,BATCH-3-CLM-0000181,none
batch-3-R000182,BATCH-3-CLM-0000182,none
batch-3-R000183,BATCH-3-CLM-0000183,none
batch-3-R000184,BATCH-3-CLM-0000184,none
batch-3-R000185,BATCH-3-CLM-0000185,none
batch-3-R000186,BATCH-3-CLM-0000186,none
batch-3-R000187,BATCH-3-CLM-0000187,none
batch-3-R000188,BATCH-3-CLM-0000188,none
batch-3-R000189,BATCH-3-CLM-0000189,none
batch-3-R000190,BATCH-3-CLM-0000190,none
batch-3-R000191,BATCH-3-CLM-0000191,none
batch-3-R000192,BATCH-3-CLM-0000192,none
batch-3-R000193,BATCH-3-CLM-0000193,none
batch-3-R000194,BATCH-3-CLM-0000194,none
batch-3-R000195,BATCH-3-CLM-0000195,none
batch-3-R000196,BATCH-3-CLM-0000196,none
batch-3-R000197,BATCH-3-CLM-0000197,none
batch-3-R000198,BATCH-3-CLM-0000198,none
batch-3-R000199,BATCH-3-CLM-0000199,none
batch-3-R000200,BATCH-3-CLM-0000200,none
batch-3-R000201,BATCH-3-CLM-0000201,none
batch-3-R000202,BATCH-3-CLM-0000202,none
batch-3-R000203,BATCH-3-CLM-0000203,none
batch-3-R000204,BATCH-3-CLM-0000204,none
batch-3-R000205,BATCH-3-CLM-0000205,none
batch-3-R000206,BATCH-3-CLM-0000206,none
batch-3-R000207,BATCH-3-CLM-0000207,none
batch-3-R000208,BATCH-3-CLM-0000208,none
batch-3-R000209,BATCH-3-CLM-0000209,none
batch-3-R000210,BATCH-3-CLM-0000210,none
batch-3-R000211,BATCH-3-CLM-0000211,none
batch-3-R000212,BATCH-3-CLM-0000212,none
batch-3-R000213,BATCH-3-CLM-0000213,none
batch-3-R000214,BATCH-3-CLM-0000214,none
batch-3-R000215,BATCH-3-CLM-0000215,none
batch-3-R000216,BATCH-3-CLM-0000216,none
batch-3-R000217,BATCH-3-CLM-0000217,none
batch-3-R000218,BATCH-3-CLM-0000218,none
batch-3-R000219,BATCH-3-CLM-0000219,none
batch-3-R000220,BATCH-3-CLM-0000220,none
batch-3-R000221,BATCH-3-CLM-0000221,none
batch-3-R000222,BATCH-3-CLM-0000222,none
batch-3-R000223,BATCH-3-CLM-0000223,none
batch-3-R000224,BATCH-3-CLM-0000224,none
batch-3-R000225,BATCH-3-CLM-0000225,none
batch-3-R000226,BATCH-3-CLM-0000226,none
batch-3-R000227,BATCH-3-CLM-0000227,none
batch-3-R000228,BATCH-3-CLM-0000228,none
batch-3-R000229,BATCH-3-CLM-0000229,none
batch-3-R000230,BATCH-3-CLM-0000230,none
batch-3-R000231,BATCH-3-CLM-0000231,none
batch-3-R000232,BATCH-3-CLM-0000232,none
batch-3-R000233,BATCH-3-CLM-0000233,none
batch-3-R000234,BATCH-3-CLM-0000234,none
batch-3-R000235,BATCH-3-CLM-0000235,none
batch-3-R000236,BATCH-3-CLM-0000236,none
batch-3-R000237,BATCH-3-CLM-0000237,none
batch-3-R000238,BATCH-3-CLM-0000238,none
batch-3-R000239,BATCH-3-CLM-0000239,none
batch-3-R000240,BATCH-3-CLM-0000240,none
batch-3-R000241,BATCH-3-CLM-0000241,none
batch-3-R000242,BATCH-3-CLM-0000242,none
batch-3-R000243,BATCH-3-CLM-0000243,none
batch-3-R000244,BATCH-3-CLM-0000244,none
batch-3-R000245,BATCH-3-CLM-0000245,none
batch-3-R000246,BATCH-3-CLM-0000246,none
batch-3-R000247,BATCH-3-CLM-0000247,none
batch-3-R000248,BATCH-3-CLM-0000248,none
batch-3-R000249,BATCH-3-CLM-0000249,none
batch-3-R000250,BATCH-3-CLM-0000250,none
batch-3-R000251,BATCH-3-CLM-0000251,none
batch-3-R000252,BATCH-3-CLM-0000252,none
batch-3-R000253,BATCH-3-CLM-0000253,none
batch-3-R000254,BATCH-3-CLM-0000254,none
batch-3-R000255,BATCH-3-CLM-0000255,none
batch-3-R000256,BATCH-3-CLM-0000256,none
batch-3-R000257,BATCH-3-CLM-0000257,none
batch-3-R000258,BATCH-3-CLM-0000258,none
batch-3-R000259,BATCH-3-CLM-0000259,none
batch-3-R000260,BATCH-3-CLM-0000260,none
batch-3-R000261,BATCH-3-CLM-0000261,none
batch-3-R000262,BATCH-3-CLM-0000262,none
batch-3-R000263,BATCH-3-CLM-0000263,none
batch-3-R000264,BATCH-3-CLM-0000264,none
batch-3-R000265,BATCH-3-CLM-0000265,none
batch-3-R000266,BATCH-3-CLM-0000266,none
batch-3-R000267,BATCH-3-CLM-0000267,none
batch-3-R000268,BATCH-3-CLM-0000268,none
batch-3-R000269,BATCH-3-CLM-0000269,none
batch-3-R000270,BATCH-3-CLM-0000270,none
batch-3-R000271,BATCH-3-CLM-0000271,none
batch-3-R000272,BATCH-3-CLM-0000272,none
batch-3-R000273,BATCH-3-CLM-0000273,none
batch-3-R000274,BATCH-3-CLM-0000274,none
batch-3-R000275,BATCH-3-CLM-0000275,none
batch-3-R000276,BATCH-3-CLM-0000276,none
batch-3-R000277,BATCH-3-CLM-0000277,none
batch-3-R000278,BATCH-3-CLM-0000278,none
batch-3-R000279,BATCH-3-CLM-0000279,none
batch-3-R000280,BATCH-3-CLM-0000280,none
batch-3-R000281,BATCH-3-CLM-0000281,none
batch-3-R000282,BATCH-3-CLM-0000282,none
batch-3-R000283,BATCH-3-CLM-0000283,none
batch-3-R000284,BATCH-3-CLM-0000284,none
batch-3-R000285,BATCH-3-CLM-0000285,none
batch-3-R000286,BATCH-3-CLM-0000286,none
batch-3-R000287,BATCH-3-CLM-0000287,none
batch-3-R000288,BATCH-3-CLM-0000288,none
batch-3-R000289,BATCH-3-CLM-0000289,none
batch-3-R000290,BATCH-3-CLM-0000290,none
batch-3-R000291,BATCH-3-CLM-0000291,none
batch-3-R000292,BATCH-3-CLM-0000292,none
batch-3-R000293,BATCH-3-CLM-0000293,none
batch-3-R000294,BATCH-3-CLM-0000294,none
batch-3-R000295,BATCH-3-CLM-0000295,none
batch-3-R000296,BATCH-3-CLM-0000296,none
batch-3-R000297,BATCH-3-CLM-0000297,none
batch-3-R000298,BATCH-3-CLM-0000298,none
batch-3-R000299,BATCH-3-CLM-0000299,none
batch-3-R000300,BATCH-3-CLM-0000300,none
batch-3-R000301,BATCH-3-CLM-0000301,none
batch-3-R000302,BATCH-3-CLM-0000302,none
batch-3-R000303,BATCH-3-CLM-0000303,none
batch-3-R000304,BATCH-3-CLM-0000304,none
batch-3-R000305,BATCH-3-CLM-0000305,none
batch-3-R000306,BATCH-3-CLM-0000306,none
batch-3-R000307,BATCH-3-CLM-0000307,none
batch-3-R000308,BATCH-3-CLM-0000308,none
batch-3-R000309,BATCH-3-CLM-0000309,none
batch-3-R000310,BATCH-3-CLM-0000310,none
batch-3-R000311,BATCH-3-CLM-0000311,none
batch-3-R000312,BATCH-3-CLM-0000312,none
batch-3-R000313,BATCH-3-CLM-0000313,none
batch-3-R000314,BATCH-3-CLM-0000314,none
batch-3-R000315,BATCH-3-CLM-0000315,none
batch-3-R000316,BATCH-3-CLM-0000316,none
batch-3-R000317,BATCH-3-CLM-0000317,none
batch-3-R000318,BATCH-3-CLM-0000318,none
batch-3-R000319,BATCH-3-CLM-0000319,none
batch-3-R000320,BATCH-3-CLM-0000320,none
batch-3-R000321,BATCH-3-CLM-0000321,none
batch-3-R000322,BATCH-3-CLM-0000322,none
batch-3-R000323,BATCH-3-CLM-0000323,none
batch-3-R000324,BATCH-3-CLM-0000324,none
batch-3-R000325,BATCH-3-CLM-0000325,none
batch-3-R000326,BATCH-3-CLM-0000326,none
batch-3-R000327,BATCH-3-CLM-0000327,none
batch-3-R000328,BATCH-3-CLM-0000328,none
batch-3-R000329,BATCH-3-CLM-0000329,none
batch-3-R000330,BATCH-3-CLM-0000330,none
batch-3-R000331,BATCH-3-CLM-0000331,none
batch-3-R000332,BATCH-3-CLM-0000332,none
batch-3-R000333,BATCH-3-CLM-0000333,none
batch-3-R000334,BATCH-3-CLM-0000334,none
batch-3-R000335,BATCH-3-CLM-0000335,none
batch-3-R000336,BATCH-3-CLM-0000336,none
batch-3-R000337,BATCH-3-CLM-0000337,none
batch-3-R000338,BATCH-3-CLM-0000338,none
batch-3-R000339,BATCH-3-CLM-0000339,none
batch-3-R000340,BATCH-3-CLM-0000340,none
batch-3-R000341,BATCH-3-CLM-0000341,none
batch-3-R000342,BATCH-3-CLM-0000342,none
batch-3-R000343,BATCH-3-CLM-0000343,none
batch-3-R000344,BATCH-3-CLM-0000344,none
batch-3-R000345,BATCH-3-CLM-0000345,none
batch-3-R000346,BATCH-3-CLM-0000346,none
batch-3-R000347,BATCH-3-CLM-0000347,none
batch-3-R000348,BATCH-3-CLM-0000348,none
batch-3-R000349,BATCH-3-CLM-0000349,none
batch-3-R000350,BATCH-3-CLM-0000350,none
batch-3-R000351,BATCH-3-CLM-0000351,none
batch-3-R000352,BATCH-3-CLM-0000352,none
batch-3-R000353,BATCH-3-CLM-0000353,none
batch-3-R000354,BATCH-3-CLM-0000354,none
batch-3-R000355,BATCH-3-CLM-0000355,none
batch-3-R000356,BATCH-3-CLM-0000356,none
batch-3-R000357,BATCH-3-CLM-0000357,none
batch-3-R000358,BATCH-3-CLM-0000358,none
batch-3-R000359,BATCH-3-CLM-0000359,none
batch-3-R000360,BATCH-3-CLM-0000360,none
batch-3-R000361,BATCH-3-CLM-0000361,none
batch-3-R000362,BATCH-3-CLM-0000362,none
batch-3-R000363,BATCH-3-CLM-0000363,none
batch-3-R000364,BATCH-3-CLM-0000364,none
batch-3-R000365,BATCH-3-CLM-0000365,none
batch-3-R000366,BATCH-3-CLM-0000366,none
batch-3-R000367,BATCH-3-CLM-0000367,none
batch-3-R000368,BATCH-3-CLM-0000368,none
batch-3-R000369,BATCH-3-CLM-0000369,none
batch-3-R000370,BATCH-3-CLM-0000370,none
batch-3-R000371,BATCH-3-CLM-0000371,none
batch-3-R000372,BATCH-3-CLM-0000372,none
batch-3-R000373,BATCH-3-CLM-0000373,none
batch-3-R000374,BATCH-3-CLM-0000374,none
batch-3-R000375,BATCH-3-CLM-0000375,none
batch-3-R000376,BATCH-3-CLM-0000376,none
batch-3-R000377,BATCH-3-CLM-0000377,none
batch-3-R000378,BATCH-3-CLM-0000378,none
batch-3-R000379,BATCH-3-CLM-0000379,none
batch-3-R000380,BATCH-3-CLM-0000380,none
batch-3-R000381,BATCH-3-CLM-0000381,none
batch-3-R000382,BATCH-3-CLM-0000382,none
batch-3-R000383,BATCH-3-CLM-0000383,none
batch-3-R000384,BATCH-3-CLM-0000384,none
batch-3-R000385,BATCH-3-CLM-0000385,none
batch-3-R000386,BATCH-3-CLM-0000386,none
batch-3-R000387,BATCH-3-CLM-0000387,none
batch-3-R000388,BATCH-3-CLM-0000388,none
batch-3-R000389,BATCH-3-CLM-0000389,none
batch-3-R000390,BATCH-3-CLM-0000390,none
batch-3-R000391,BATCH-3-CLM-0000391,none
batch-3-R000392,BATCH-3-CLM-0000392,none
batch-3-R000393,BATCH-3-CLM-0000393,none
batch-3-R000394,BATCH-3-CLM-0000394,none
batch-3-R000395,BATCH-3-CLM-0000395,none
batch-3-R000396,BATCH-3-CLM-0000396,none
batch-3-R000397,BATCH-3-CLM-0000397,none
batch-3-R000398,BATCH-3-CLM-0000398,none
batch-3-R000399,BATCH-3-CLM-0000399,none
batch-3-R000400,BATCH-3-CLM-0000400,none
batch-3-R000401,BATCH-3-CLM-0000401,none
batch-3-R000402,BATCH-3-CLM-0000402,none
batch-3-R000403,BATCH-3-CLM-0000403,none
batch-3-R000404,BATCH-3-CLM-0000404,none
batch-3-R000405,BATCH-3-CLM-0000405,none
batch-3-R000406,BATCH-3-CLM-0000406,none
batch-3-R000407,BATCH-3-CLM-0000407,none
batch-3-R000408,BATCH-3-CLM-0000408,none
batch-3-R000409,BATCH-3-CLM-0000409,none
batch-3-R000410,BATCH-3-CLM-0000410,none
batch-3-R000411,BATCH-3-CLM-0000411,none
batch-3-R000412,BATCH-3-CLM-0000412,none
batch-3-R000413,BATCH-3-CLM-0000413,none
batch-3-R000414,BATCH-3-CLM-0000414,none
batch-3-R000415,BATCH-3-CLM-0000415,none
batch-3-R000416,BATCH-3-CLM-0000416,none
batch-3-R000417,BATCH-3-CLM-0000417,none
batch-3-R000418,BATCH-3-CLM-0000418,none
batch-3-R000419,BATCH-3-CLM-0000419,none
batch-3-R000420,BATCH-3-CLM-0000420,none
batch-3-R000421,BATCH-3-CLM-0000421,none
batch-3-R000422,BATCH-3-CLM-0000422,none
batch-3-R000423,BATCH-3-CLM-0000423,none
batch-3-R000424,BATCH-3-CLM-0000424,none
batch-3-R000425,BATCH-3-CLM-0000425,none
batch-3-R000426,BATCH-3-CLM-0000426,none
batch-3-R000427,BATCH-3-CLM-0000427,none
batch-3-R000428,BATCH-3-CLM-0000428,none
batch-3-R000429,BATCH-3-CLM-0000429,none
batch-3-R000430,BATCH-3-CLM-0000430,none
batch-3-R000431,BATCH-3-CLM-0000431,none
batch-3-R000432,BATCH-3-CLM-0000432,none
batch-3-R000433,BATCH-3-CLM-0000433,none
batch-3-R000434,BATCH-3-CLM-0000434,none
batch-3-R000435,BATCH-3-CLM-0000435,none
batch-3-R000436,BATCH-3-CLM-0000436,none
batch-3-R000437,BATCH-3-CLM-0000437,none
batch-3-R000438,BATCH-3-CLM-0000438,none
batch-3-R000439,BATCH-3-CLM-0000439,none
batch-3-R000440,BATCH-3-CLM-0000440,none
batch-3-R000441,BATCH-3-CLM-0000441,none
batch-3-R000442,BATCH-3-CLM-0000442,none
batch-3-R000443,BATCH-3-CLM-0000443,none
batch-3-R000444,BATCH-3-CLM-0000444,none
batch-3-R000445,BATCH-3-CLM-0000445,none
batch-3-R000446,BATCH-3-CLM-0000446,none
batch-3-R000447,BATCH-3-CLM-0000447,none
batch-3-R000448,BATCH-3-CLM-0000448,none
batch-3-R000449,BATCH-3-CLM-0000449,none
batch-3-R000450,BATCH-3-CLM-0000450,none
batch-3-R000451,BATCH-3-CLM-0000451,none
batch-3-R000452,BATCH-3-CLM-0000452,none
batch-3-R000453,BATCH-3-CLM-0000453,none
batch-3-R000454,BATCH-3-CLM-0000454,none
batch-3-R000455,BATCH-3-CLM-0000455,none
batch-3-R000456,BATCH-3-CLM-0000456,none
batch-3-R000457,BATCH-3-CLM-0000457,none
batch-3-R000458,BATCH-3-CLM-0000458,none
batch-3-R000459,BATCH-3-CLM-0000459,none
batch-3-R000460,BATCH-3-CLM-0000460,none
batch-3-R000461,BATCH-3-CLM-0000461,none
batch-3-R000462,BATCH-3-CLM-0000462,none
batch-3-R000463,BATCH-3-CLM-0000463,none
batch-3-R000464,BATCH-3-CLM-0000464,none
batch-3-R000465,BATCH-3-CLM-0000465,none
batch-3-R000466,BATCH-3-CLM-0000466,none
batch-3-R000467,BATCH-3-CLM-0000467,none
batch-3-R000468,BATCH-3-CLM-0000468,none
batch-3-R000469,BATCH-3-CLM-0000469,none
batch-3-R000470,BATCH-3-CLM-0000470,none
batch-3-R000471,BATCH-3-CLM-0000471,none
batch-3-R000472,BATCH-3-CLM-0000472,none
batch-3-R000473,BATCH-3-CLM-0000473,none
batch-3-R000474,BATCH-3-CLM-0000474,none
batch-3-R000475,BATCH-3-CLM-0000475,none
batch-3-R000476,BATCH-3-CLM-0000476,none
batch-3-R000477,BATCH-3-CLM-0000477,none
batch-3-R000478,BATCH-3-CLM-0000478,none
batch-3-R000479,BATCH-3-CLM-0000479,none
batch-3-R000480,BATCH-3-CLM-0000480,none
batch-3-R000481,BATCH-3-CLM-0000481,none
batch-3-R000482,BATCH-3-CLM-0000482,none
batch-3-R000483,BATCH-3-CLM-0000483,none
batch-3-R000484,BATCH-3-CLM-0000484,none
batch-3-R000485,BATCH-3-CLM-0000485,none
batch-3-R000486,BATCH-3-CLM-0000486,none
batch-3-R000487,BATCH-3-CLM-0000487,none
batch-3-R000488,BATCH-3-CLM-0000488,none
batch-3-R000489,BATCH-3-CLM-0000489,none
batch-3-R000490,BATCH-3-CLM-0000490,none
batch-3-R000491,BATCH-3-CLM-0000491,none
batch-3-R000492,BATCH-3-CLM-0000492,none
batch-3-R000493,BATCH-3-CLM-0000493,none
batch-3-R000494,BATCH-3-CLM-0000494,none
batch-3-R000495,BATCH-3-CLM-0000495,none
batch-3-R000496,BATCH-3-CLM-0000496,none
batch-3-R000497,BATCH-3-CLM-0000497,none
batch-3-R000498,BATCH-3-CLM-0000498,none
batch-3-R000499,BATCH-3-CLM-0000499,none
batch-3-R000500,BATCH-3-CLM-0000500,none
batch-3-R000501,BATCH-3-CLM-0000501,none
batch-3-R000502,BATCH-3-CLM-0000502,none
batch-3-R000503,BATCH-3-CLM-0000503,none
batch-3-R000504,BATCH-3-CLM-0000504,none
batch-3-R000505,BATCH-3-CLM-0000505,none
batch-3-R000506,BATCH-3-CLM-0000506,none
batch-3-R000507,BATCH-3-CLM-0000507,none
batch-3-R000508,BATCH-3-CLM-0000508,none
batch-3-R000509,BATCH-3-CLM-0000509,none
batch-3-R000510,BATCH-3-CLM-0000510,none
batch-3-R000511,BATCH-3-CLM-0000511,none
batch-3-R000512,BATCH-3-CLM-0000512,none
batch-3-R000513,BATCH-3-CLM-0000513,none
batch-3-R000514,BATCH-3-CLM-0000514,none
batch-3-R000515,BATCH-3-CLM-0000515,none
batch-3-R000516,BATCH-3-CLM-0000516,none
batch-3-R000517,BATCH-3-CLM-0000517,none
batch-3-R000518,BATCH-3-CLM-0000518,none
batch-3-R000519,BATCH-3-CLM-0000519,none
batch-3-R000520,BATCH-3-CLM-0000520,none
batch-3-R000521,BATCH-3-CLM-0000521,none
batch-3-R000522,BATCH-3-CLM-0000522,none
batch-3-R000523,BATCH-3-CLM-0000523,none
batch-3-R000524,BATCH-3-CLM-0000524,none
batch-3-R000525,BATCH-3-CLM-0000525,none
batch-3-R000526,BATCH-3-CLM-0000526,none
batch-3-R000527,BATCH-3-CLM-0000527,none
batch-3-R000528,BATCH-3-CLM-0000528,none
batch-3-R000529,BATCH-3-CLM-0000529,none
batch-3-R000530,BATCH-3-CLM-0000530,none
batch-3-R000531,BATCH-3-CLM-0000531,none
batch-3-R000532,BATCH-3-CLM-0000532,none
batch-3-R000533,BATCH-3-CLM-0000533,none
batch-3-R000534,BATCH-3-CLM-0000534,none
batch-3-R000535,BATCH-3-CLM-0000535,none
batch-3-R000536,BATCH-3-CLM-0000536,none
batch-3-R000537,BATCH-3-CLM-0000537,none
batch-3-R000538,BATCH-3-CLM-0000538,none
batch-3-R000539,BATCH-3-CLM-0000539,none
batch-3-R000540,BATCH-3-CLM-0000540,none
batch-3-R000541,BATCH-3-CLM-0000541,none
batch-3-R000542,BATCH-3-CLM-0000542,none
batch-3-R000543,BATCH-3-CLM-0000543,none
batch-3-R000544,BATCH-3-CLM-0000544,none
batch-3-R000545,BATCH-3-CLM-0000545,none
batch-3-R000546,BATCH-3-CLM-0000546,none
batch-3-R000547,BATCH-3-CLM-0000547,none
batch-3-R000548,BATCH-3-CLM-0000548,none
batch-3-R000549,BATCH-3-CLM-0000549,none
batch-3-R000550,BATCH-3-CLM-0000550,none
batch-3-R000551,BATCH-3-CLM-0000551,none
batch-3-R000552,BATCH-3-CLM-0000552,none
batch-3-R000553,BATCH-3-CLM-0000553,amount_spike
batch-3-R000554,BATCH-3-CLM-0000554,amount_spike
batch-3-R000555,BATCH-3-CLM-0000555,amount_spike
batch-3-R000556,BATCH-3-CLM-0000556,missing_value_spike
batch-3-R000557,BATCH-3-CLM-0000557,amount_spike
batch-3-R000558,BATCH-3-CLM-0000558,distribution_shift
batch-3-R000559,BATCH-3-CLM-0000559,distribution_shift
batch-3-R000560,BATCH-3-CLM-0000560,amount_spike
batch-3-R000561,BATCH-3-CLM-0000561,amount_spike
batch-3-R000562,BATCH-3-CLM-0000562,distribution_shift
batch-3-R000563,BATCH-3-CLM-0000563,amount_spike
batch-3-R000564,BATCH-3-CLM-0000564,missing_value_spike
batch-3-R000565,BATCH-3-CLM-0000565,distribution_shift
batch-3-R000566,BATCH-3-CLM-0000566,distribution_shift
batch-3-R000567,BATCH-3-CLM-0000567,distribution_shift
batch-3-R000568,BATCH-3-CLM-0000568,amount_spike
batch-3-R000569,BATCH-3-CLM-0000569,amount_spike
batch-3-R000570,BATCH-3-CLM-0000570,missing_value_spike
batch-3-R000571,BATCH-3-CLM-0000571,distribution_shift
batch-3-R000572,BATCH-3-CLM-0000572,distribution_shift
batch-3-R000573,BATCH-3-CLM-0000573,amount_spike
batch-3-R000574,BATCH-3-CLM-0000574,amount_spike
batch-3-R000575,BATCH-3-CLM-0000575,missing_value_spike
batch-3-R000576,BATCH-3-CLM-0000576,amount_spike
batch-3-R000577,BATCH-3-CLM-0000577,amount_spike
batch-3-R000578,BATCH-3-CLM-0000578,amount_spike
batch-3-R000579,BATCH-3-CLM-0000579,distribution_shift
batch-3-R000580,BATCH-3-CLM-0000580,distribution_shift
batch-3-R000581,BATCH-3-CLM-0000581,amount_spike
batch-3-R000582,BATCH-3-CLM-0000582,amount_spike
batch-3-R000583,BATCH-3-CLM-0000583,distribution_shift
batch-3-R000584,BATCH-3-CLM-0000584,amount_spike
batch-3-R000585,BATCH-3-CLM-0000585,missing_value_spike
batch-3-R000586,BATCH-3-CLM-0000586,amount_spike
batch-3-R000587,BATCH-3-CLM-0000587,amount_spike
batch-3-R000588,BATCH-3-CLM-0000588,distribution_shift
batch-3-R000589,BATCH-3-CLM-0000589,missing_value_spike
batch-3-R000590,BATCH-3-CLM-0000590,amount_spike
batch-3-R000591,BATCH-3-CLM-0000591,amount_spike
batch-3-R000592,BATCH-3-CLM-0000592,amount_spike
batch-3-R000593,BATCH-3-CLM-0000593,amount_spike
batch-3-R000594,BATCH-3-CLM-0000594,distribution_shift
batch-3-R000595,BATCH-3-CLM-0000595,distribution_shift
batch-3-R000596,BATCH-3-CLM-0000596,missing_value_spike
batch-3-R000597,BATCH-3-CLM-0000597,distribution_shift
batch-3-R000598,BATCH-3-CLM-0000598,distribution_shift
batch-3-R000599,BATCH-3-CLM-0000599,amount_spike
batch-3-R000600,BATCH-3-CLM-0000600,amount_spike
batch-3-R000601,BATCH-3-CLM-0000601,amount_spike
batch-3-R000602,BATCH-3-CLM-0000602,amount_spike
batch-3-R000603,BATCH-3-CLM-0000603,distribution_shift
batch-3-R000604,BATCH-3-CLM-0000604,distribution_shift
batch-3-R000605,BATCH-3-CLM-0000605,amount_spike
batch-3-R000606,BATCH-3-CLM-0000606,distribution_shift
batch-3-R000607,BATCH-3-CLM-0000607,amount_spike
batch-3-R000608,BATCH-3-CLM-0000608,amount_spike
batch-3-R000609,BATCH-3-CLM-0000609,distribution_shift
batch-3-R000610,BATCH-3-CLM-0000610,missing_value_spike
batch-3-R000611,BATCH-3-CLM-0000611,amount_spike
batch-3-R000612,BATCH-3-CLM-0000612,missing_value_spike
batch-3-R000613,BATCH-3-CLM-0000613,distribution_shift
batch-3-R000614,BATCH-3-CLM-0000614,distribution_shift
batch-3-R000615,BATCH-3-CLM-0000615,amount_spike
batch-3-R000616,BATCH-3-CLM-0000616,amount_spike
batch-3-R000617,BATCH-3-CLM-0000617,distribution_shift
batch-3-R000618,BATCH-3-CLM-0000618,distribution_shift
batch-3-R000619,BATCH-3-CLM-0000619,amount_spike
batch-3-R000620,BATCH-3-CLM-0000620,missing_value_spike
batch-3-R000621,BATCH-3-CLM-0000621,amount_spike
batch-3-R000622,BATCH-3-CLM-0000622,distribution_shift
batch-3-R000623,BATCH-3-CLM-0000623,amount_spike
batch-3-R000624,BATCH-3-CLM-0000624,amount_spike
batch-3-R000625,BATCH-3-CLM-0000625,amount_spike
batch-3-R000626,BATCH-3-CLM-0000626,amount_spike
batch-3-R000627,BATCH-3-CLM-0000627,amount_spike
batch-3-R000628,BATCH-3-CLM-0000628,amount_spike
batch-3-R000629,BATCH-3-CLM-0000629,amount_spike
batch-3-R000630,BATCH-3-CLM-0000630,missing_value_spike
batch-3-R000631,BATCH-3-CLM-0000631,amount_spike
batch-3-R000632,BATCH-3-CLM-0000632,amount_spike
batch-3-R000633,BATCH-3-CLM-0000633,distribution_shift
batch-3-R000634,BATCH-3-CLM-0000634,amount_spike
batch-3-R000635,BATCH-3-CLM-0000635,distribution_shift
batch-3-R000636,BATCH-3-CLM-0000636,amount_spike
batch-3-R000637,BATCH-3-CLM-0000637,amount_spike
batch-3-R000638,BATCH-3-CLM-0000638,amount_spike
batch-3-R000639,BATCH-3-CLM-0000639,amount_spike
batch-3-R000640,BATCH-3-CLM-0000640,amount_spike
batch-3-R000641,BATCH-3-CLM-0000641,amount_spike
batch-3-R000642,BATCH-3-CLM-0000642,distribution_shift
batch-3-R000643,BATCH-3-CLM-0000643,missing_value_spike
batch-3-R000644,BATCH-3-CLM-0000644,distribution_shift
batch-3-R000645,BATCH-3-CLM-0000645,amount_spike
batch-3-R000646,BATCH-3-CLM-0000646,amount_spike
batch-3-R000647,BATCH-3-CLM-0000647,distribution_shift
batch-3-R000648,BATCH-3-CLM-0000648,distribution_shift
batch-3-R000649,BATCH-3-CLM-0000649,amount_spike
batch-3-R000650,BATCH-3-CLM-0000650,distribution_shift
batch-3-R000651,BATCH-3-CLM-0000651,amount_spike
batch-3-R000652,BATCH-3-CLM-0000652,amount_spike
batch-3-R000653,BATCH-3-CLM-0000653,distribution_shift
batch-3-R000654,BATCH-3-CLM-0000654,amount_spike
batch-3-R000655,BATCH-3-CLM-0000655,distribution_shift
batch-3-R000656,BATCH-3-CLM-0000656,amount_spike
batch-3-R000657,BATCH-3-CLM-0000657,missing_value_spike
batch-3-R000658,BATCH-3-CLM-0000658,amount_spike
batch-3-R000659,BATCH-3-CLM-0000659,distribution_shift
batch-3-R000660,BATCH-3-CLM-0000660,amount_spike
batch-3-R000661,BATCH-3-CLM-0000661,missing_value_spike
batch-3-R000662,BATCH-3-CLM-0000662,amount_spike
batch-3-R000663,BATCH-3-CLM-0000663,amount_spike
batch-3-R000664,BATCH-3-CLM-0000664,amount_spike
batch-3-R000665,BATCH-3-CLM-0000665,distribution_shift
batch-3-R000666,BATCH-3-CLM-0000666,distribution_shift
batch-3-R000667,BATCH-3-CLM-0000667,amount_spike
batch-3-R000668,BATCH-3-CLM-0000668,distribution_shift
batch-3-R000669,BATCH-3-CLM-0000669,distribution_shift
batch-3-R000670,BATCH-3-CLM-0000670,distribution_shift
batch-3-R000671,BATCH-3-CLM-0000671,amount_spike
batch-3-R000672,BATCH-3-CLM-0000672,amount_spike
batch-3-R000673,BATCH-3-CLM-0000673,distribution_shift
batch-3-R000674,BATCH-3-CLM-0000674,distribution_shift
batch-3-R000675,BATCH-3-CLM-0000675,amount_spike
batch-3-R000676,BATCH-3-CLM-0000676,amount_spike
batch-3-R000677,BATCH-3-CLM-0000677,distribution_shift
batch-3-R000678,BATCH-3-CLM-0000678,missing_value_spike
batch-3-R000679,BATCH-3-CLM-0000679,amount_spike
batch-3-R000680,BATCH-3-CLM-0000680,amount_spike
batch-3-R000681,BATCH-3-CLM-0000681,distribution_shift
batch-3-R000682,BATCH-3-CLM-0000682,amount_spike
batch-3-R000683,BATCH-3-CLM-0000683,amount_spike
batch-3-R000684,BATCH-3-CLM-0000684,missing_value_spike
batch-3-R000685,BATCH-3-CLM-0000685,distribution_shift
batch-3-R000686,BATCH-3-CLM-0000686,distribution_shift
batch-3-R000687,BATCH-3-CLM-0000687,amount_spike
batch-3-R000688,BATCH-3-CLM-0000688,missing_value_spike
batch-3-R000689,BATCH-3-CLM-0000689,amount_spike
batch-3-R000690,BATCH-3-CLM-0000690,amount_spike
batch-3-R000691,BATCH-3-CLM-0000691,amount_spike
batch-3-R000692,BATCH-3-CLM-0000692,amount_spike
batch-3-R000693,BATCH-3-CLM-0000693,amount_spike
batch-3-R000694,BATCH-3-CLM-0000694,amount_spike
batch-3-R000695,BATCH-3-CLM-0000695,distribution_shift
batch-3-R000696,BATCH-3-CLM-0000696,amount_spike
batch-3-R000697,BATCH-3-CLM-0000697,distribution_shift
batch-3-R000698,BATCH-3-CLM-0000698,amount_spike
batch-3-R000699,BATCH-3-CLM-0000699,distribution_shift
batch-3-R000700,BATCH-3-CLM-0000700,distribution_shift
batch-3-R000701,BATCH-3-CLM-0000701,missing_value_spike
batch-3-R000702,BATCH-3-CLM-0000702,distribution_shift
batch-3-R000703,BATCH-3-CLM-0000703,distribution_shift
batch-3-R000704,BATCH-3-CLM-0000704,distribution_shift
batch-3-R000705,BATCH-3-CLM-0000705,amount_spike
batch-3-R000706,BATCH-3-CLM-0000706,missing_value_spike
batch-3-R000707,BATCH-3-CLM-0000707,amount_spike
batch-3-R000708,BATCH-3-CLM-0000708,distribution_shift
batch-3-R000709,BATCH-3-CLM-0000709,distribution_shift
batch-3-R000710,BATCH-3-CLM-0000710,amount_spike
batch-3-R000711,BATCH-3-CLM-0000711,distribution_shift
batch-3-R000712,BATCH-3-CLM-0000712,distribution_shift
batch-3-R000713,BATCH-3-CLM-0000713,amount_spike
batch-3-R000714,BATCH-3-CLM-0000714,amount_spike
batch-3-R000715,BATCH-3-CLM-0000715,none
batch-3-R000716,BATCH-3-CLM-0000716,none
batch-3-R000717,BATCH-3-CLM-0000717,none
batch-3-R000718,BATCH-3-CLM-0000718,none
batch-3-R000719,BATCH-3-CLM-0000719,none
batch-3-R000720,BATCH-3-CLM-0000720,none
batch-3-R000721,BATCH-3-CLM-0000721,none
batch-3-R000722,BATCH-3-CLM-0000722,none
batch-3-R000723,BATCH-3-CLM-0000723,none
batch-3-R000724,BATCH-3-CLM-0000724,none
batch-3-R000725,BATCH-3-CLM-0000725,none
batch-3-R000726,BATCH-3-CLM-0000726,none
batch-3-R000727,BATCH-3-CLM-0000727,none
batch-3-R000728,BATCH-3-CLM-0000728,none
batch-3-R000729,BATCH-3-CLM-0000729,none
batch-3-R000730,BATCH-3-CLM-0000730,none
batch-3-R000731,BATCH-3-CLM-0000731,none
batch-3-R000732,BATCH-3-CLM-0000732,none
batch-3-R000733,BATCH-3-CLM-0000733,none
batch-3-R000734,BATCH-3-CLM-0000734,none
batch-3-R000735,BATCH-3-CLM-0000735,none
batch-3-R000736,BATCH-3-CLM-0000736,none
batch-3-R000737,BATCH-3-CLM-0000737,none
batch-3-R000738,BATCH-3-CLM-0000738,none
batch-3-R000739,BATCH-3-CLM-0000739,none
batch-3-R000740,BATCH-3-CLM-0000740,none
batch-3-R000741,BATCH-3-CLM-0000741,none
batch-3-R000742,BATCH-3-CLM-0000742,none
batch-3-R000743,BATCH-3-CLM-0000743,none
batch-3-R000744,BATCH-3-CLM-0000744,none
batch-3-R000745,BATCH-3-CLM-0000745,none
batch-3-R000746,BATCH-3-CLM-0000746,none
batch-3-R000747,BATCH-3-CLM-0000747,none
batch-3-R000748,BATCH-3-CLM-0000748,none
batch-3-R000749,BATCH-3-CLM-0000749,none
batch-3-R000750,BATCH-3-CLM-0000750,none
batch-3-R000751,BATCH-3-CLM-0000751,none
batch-3-R000752,BATCH-3-CLM-0000752,none
batch-3-R000753,BATCH-3-CLM-0000753,none
batch-3-R000754,BATCH-3-CLM-0000754,none
batch-3-R000755,BATCH-3-CLM-0000755,none
batch-3-R000756,BATCH-3-CLM-0000756,none
batch-3-R000757,BATCH-3-CLM-0000757,none
batch-3-R000758,BATCH-3-CLM-0000758,none
batch-3-R000759,BATCH-3-CLM-0000759,none
batch-3-R000760,BATCH-3-CLM-0000760,none
batch-3-R000761,BATCH-3-CLM-0000761,none
batch-3-R000762,BATCH-3-CLM-0000762,none
batch-3-R000763,BATCH-3-CLM-0000763,none
batch-3-R000764,BATCH-3-CLM-0000764,none
batch-3-R000765,BATCH-3-CLM-0000765,none
batch-3-R000766,BATCH-3-CLM-0000766,none
batch-3-R000767,BATCH-3-CLM-0000767,none
batch-3-R000768,BATCH-3-CLM-0000768,none
batch-3-R000769,BATCH-3-CLM-0000769,none
batch-3-R000770,BATCH-3-CLM-0000770,none
batch-3-R000771,BATCH-3-CLM-0000771,none
batch-3-R000772,BATCH-3-CLM-0000772,none
batch-3-R000773,BATCH-3-CLM-0000773,none
batch-3-R000774,BATCH-3-CLM-0000774,none
batch-3-R000775,BATCH-3-CLM-0000775,none
batch-3-R000776,BATCH-3-CLM-0000776,none
batch-3-R000777,BATCH-3-CLM-0000777,none
batch-3-R000778,BATCH-3-CLM-0000778,none
batch-3-R000779,BATCH-3-CLM-0000779,none
batch-3-R000780,BATCH-3-CLM-0000780,none
batch-3-R000781,BATCH-3-CLM-0000781,none
batch-3-R000782,BATCH-3-CLM-0000782,none
batch-3-R000783,BATCH-3-CLM-0000783,none
batch-3-R000784,BATCH-3-CLM-0000784,none
batch-3-R000785,BATCH-3-CLM-0000786,volume_drop
batch-3-R000786,BATCH-3-CLM-0000792,volume_drop
batch-3-R000787,BATCH-3-CLM-0000797,volume_drop
batch-3-R000788,BATCH-3-CLM-0000800,volume_drop
batch-3-R000789,BATCH-3-CLM-0000805,volume_drop
batch-3-R000790,BATCH-3-CLM-0000812,volume_drop
batch-3-R000791,BATCH-3-CLM-0000815,volume_drop
batch-3-R000792,BATCH-3-CLM-0000818,volume_drop
batch-3-R000793,BATCH-3-CLM-0000819,volume_drop
batch-3-R000794,BATCH-3-CLM-0000823,volume_drop
batch-3-R000795,BATCH-3-CLM-0000824,volume_drop
batch-3-R000796,BATCH-3-CLM-0000828,volume_drop
batch-3-R000797,BATCH-3-CLM-0000829,volume_drop
batch-3-R000798,BATCH-3-CLM-0000835,volume_drop
batch-3-R000799,BATCH-3-CLM-0000836,volume_drop
batch-3-R000800,BATCH-3-CLM-0000845,volume_drop
batch-3-R000801,BATCH-3-CLM-0000846,volume_drop
batch-3-R000802,BATCH-3-CLM-0000850,volume_drop
batch-3-R000803,BATCH-3-CLM-0000852,volume_drop
batch-3-R000804,BATCH-3-CLM-0000857,volume_drop
batch-3-R000805,BATCH-3-CLM-0000858,volume_drop
batch-3-R000806,BATCH-3-CLM-0000859,volume_drop
batch-3-R000807,BATCH-3-CLM-0000865,volume_drop
batch-3-R000808,BATCH-3-CLM-0000867,volume_drop
batch-3-R000809,BATCH-3-CLM-0000868,volume_drop
batch-3-R000810,BATCH-3-CLM-0000874,volume_drop
batch-3-R000811,BATCH-3-CLM-0000876,volume_drop
batch-3-R000812,BATCH-3-CLM-0000877,volume_drop
batch-3-R000813,BATCH-3-CLM-0000880,volume_drop
batch-3-R000814,BATCH-3-CLM-0000881,volume_drop
batch-3-R000815,BATCH-3-CLM-0000882,volume_drop
batch-3-R000816,BATCH-3-CLM-0000887,volume_drop
batch-3-R000817,BATCH-3-CLM-0000896,volume_drop
batch-3-R000818,BATCH-3-CLM-0000899,volume_drop
batch-3-R000819,BATCH-3-CLM-0000901,volume_drop
batch-3-R000820,BATCH-3-CLM-0000902,volume_drop
batch-3-R000821,BATCH-3-CLM-0000904,volume_drop
batch-3-R000822,BATCH-3-CLM-0000911,none
batch-3-R000823,BATCH-3-CLM-0000912,none
batch-3-R000824,BATCH-3-CLM-0000913,none
batch-3-R000825,BATCH-3-CLM-0000914,none
batch-3-R000826,BATCH-3-CLM-0000915,none
batch-3-R000827,BATCH-3-CLM-0000916,none
batch-3-R000828,BATCH-3-CLM-0000917,none
batch-3-R000829,BATCH-3-CLM-0000918,none
batch-3-R000830,BATCH-3-CLM-0000919,none
batch-3-R000831,BATCH-3-CLM-0000920,none
batch-3-R000832,BATCH-3-CLM-0000921,none
batch-3-R000833,BATCH-3-CLM-0000922,none
batch-3-R000834,BATCH-3-CLM-0000923,none
batch-3-R000835,BATCH-3-CLM-0000924,none
batch-3-R000836,BATCH-3-CLM-0000925,none
batch-3-R000837,BATCH-3-CLM-0000926,none
batch-3-R000838,BATCH-3-CLM-0000927,none
batch-3-R000839,BATCH-3-CLM-0000928,none
batch-3-R000840,BATCH-3-CLM-0000929,none
batch-3-R000841,BATCH-3-CLM-0000930,none
batch-3-R000842,BATCH-3-CLM-0000931,none
batch-3-R000843,BATCH-3-CLM-0000932,none
batch-3-R000844,BATCH-3-CLM-0000933,none
batch-3-R000845,BATCH-3-CLM-0000934,none
batch-3-R000846,BATCH-3-CLM-0000935,none
batch-3-R000847,BATCH-3-CLM-0000936,none
batch-3-R000848,BATCH-3-CLM-0000937,none
batch-3-R000849,BATCH-3-CLM-0000938,none
batch-3-R000850,BATCH-3-CLM-0000939,none
batch-3-R000851,BATCH-3-CLM-0000940,none
batch-3-R000852,BATCH-3-CLM-0000941,none
batch-3-R000853,BATCH-3-CLM-0000942,none
batch-3-R000854,BATCH-3-CLM-0000943,none
batch-3-R000855,BATCH-3-CLM-0000944,none
batch-3-R000856,BATCH-3-CLM-0000945,none
batch-3-R000857,BATCH-3-CLM-0000946,none
batch-3-R000858,BATCH-3-CLM-0000947,none
batch-3-R000859,BATCH-3-CLM-0000948,none
batch-3-R000860,BATCH-3-CLM-0000949,none
batch-3-R000861,BATCH-3-CLM-0000950,none
batch-3-R000862,BATCH-3-CLM-0000951,none
batch-3-R000863,BATCH-3-CLM-0000952,none
batch-3-R000864,BATCH-3-CLM-0000953,none
batch-3-R000865,BATCH-3-CLM-0000954,none
batch-3-R000866,BATCH-3-CLM-0000955,none
batch-3-R000867,BATCH-3-CLM-0000956,none
batch-3-R000868,BATCH-3-CLM-0000957,none
batch-3-R000869,BATCH-3-CLM-0000958,none
batch-3-R000870,BATCH-3-CLM-0000959,none
batch-3-R000871,BATCH-3-CLM-0000960,none
batch-3-R000872,BATCH-3-CLM-0000961,none
batch-3-R000873,BATCH-3-CLM-0000962,none
batch-3-R000874,BATCH-3-CLM-0000963,none
batch-3-R000875,BATCH-3-CLM-0000964,none
batch-3-R000876,BATCH-3-CLM-0000965,none
batch-3-R000877,BATCH-3-CLM-0000966,none
batch-3-R000878,BATCH-3-CLM-0000967,none
batch-3-R000879,BATCH-3-CLM-0000968,none
batch-3-R000880,BATCH-3-CLM-0000969,none
batch-3-R000881,BATCH-3-CLM-0000970,none
batch-3-R000882,BATCH-3-CLM-0000971,none
batch-3-R000883,BATCH-3-CLM-0000972,none
batch-3-R000884,BATCH-3-CLM-0000973,none
batch-3-R000885,BATCH-3-CLM-0000974,none
batch-3-R000886,BATCH-3-CLM-0000975,none
batch-3-R000887,BATCH-3-CLM-0000976,none
batch-3-R000888,BATCH-3-CLM-0000977,none
batch-3-R000889,BATCH-3-CLM-0000978,none
batch-3-R000890,BATCH-3-CLM-0000979,none
batch-3-R000891,BATCH-3-CLM-0000980,none
batch-3-R000892,BATCH-3-CLM-0000981,none
batch-3-R000893,BATCH-3-CLM-0000982,none
batch-3-R000894,BATCH-3-CLM-0000983,none
batch-3-R000895,BATCH-3-CLM-0000984,none
batch-3-R000896,BATCH-3-CLM-0000985,none
batch-3-R000897,BATCH-3-CLM-0000986,none
batch-3-R000898,BATCH-3-CLM-0000987,none
batch-3-R000899,BATCH-3-CLM-0000988,none
batch-3-R000900,BATCH-3-CLM-0000989,none
batch-3-R000901,BATCH-3-CLM-0000990,none
batch-3-R000902,BATCH-3-CLM-0000991,none
batch-3-R000903,BATCH-3-CLM-0000992,none
batch-3-R000904,BATCH-3-CLM-0000993,none
batch-3-R000905,BATCH-3-CLM-0000994,none
batch-3-R000906,BATCH-3-CLM-0000995,none
batch-3-R000907,BATCH-3-CLM-0000996,none
batch-3-R000908,BATCH-3-CLM-0000997,none
batch-3-R000909,BATCH-3-CLM-0000998,none
batch-3-R000910,BATCH-3-CLM-0000999,none
batch-3-R000911,BATCH-3-CLM-0001000,none
batch-3-R000912,BATCH-3-CLM-0001001,none
batch-3-R000913,BATCH-3-CLM-0001002,none
batch-3-R000914,BATCH-3-CLM-0001003,none
batch-3-R000915,BATCH-3-CLM-0001004,none
batch-3-R000916,BATCH-3-CLM-0001005,none
batch-3-R000917,BATCH-3-CLM-0001006,none
batch-3-R000918,BATCH-3-CLM-0001007,none
batch-3-R000919,BATCH-3-CLM-0001008,none
batch-3-R000920,BATCH-3-CLM-0001009,none
batch-3-R000921,BATCH-3-CLM-0001010,none
batch-3-R000922,BATCH-3-CLM-0001011,none
batch-3-R000923,BATCH-3-CLM-0001012,none
batch-3-R000924,BATCH-3-CLM-0001013,none
batch-3-R000925,BATCH-3-CLM-0001014,none
batch-3-R000926,BATCH-3-CLM-0001015,none
batch-3-R000927,BATCH-3-CLM-0001016,none
batch-3-R000928,BATCH-3-CLM-0001017,none
batch-3-R000929,BATCH-3-CLM-0001018,none
batch-3-R000930,BATCH-3-CLM-0001019,none
batch-3-R000931,BATCH-3-CLM-0001020,none
batch-3-R000932,BATCH-3-CLM-0001021,none
batch-3-R000933,BATCH-3-CLM-0001022,none
batch-3-R000934,BATCH-3-CLM-0001023,none
batch-3-R000935,BATCH-3-CLM-0001024,none
batch-3-R000936,BATCH-3-CLM-0001025,none
batch-3-R000937,BATCH-3-CLM-0001026,none
batch-3-R000938,BATCH-3-CLM-0001027,none
batch-3-R000939,BATCH-3-CLM-0001028,none
batch-3-R000940,BATCH-3-CLM-0001029,none
batch-3-R000941,BATCH-3-CLM-0001030,none
batch-3-R000942,BATCH-3-CLM-0001031,none
batch-3-R000943,BATCH-3-CLM-0001032,none
batch-3-R000944,BATCH-3-CLM-0001033,none
batch-3-R000945,BATCH-3-CLM-0001034,none
batch-3-R000946,BATCH-3-CLM-0001035,none
batch-3-R000947,BATCH-3-CLM-0001036,none
batch-3-R000948,BATCH-3-CLM-0001037,none
batch-3-R000949,BATCH-3-CLM-0001038,none
batch-3-R000950,BATCH-3-CLM-0001039,none
batch-3-R000951,BATCH-3-CLM-0001040,none
batch-3-R000952,BATCH-3-CLM-0001041,none
batch-3-R000953,BATCH-3-CLM-0001042,none
batch-3-R000954,BATCH-3-CLM-0001043,none
batch-3-R000955,BATCH-3-CLM-0001044,none
batch-3-R000956,BATCH-3-CLM-0001045,none
batch-3-R000957,BATCH-3-CLM-0001046,none
batch-3-R000958,BATCH-3-CLM-0001047,none
batch-3-R000959,BATCH-3-CLM-0001048,none
batch-3-R000960,BATCH-3-CLM-0001049,none
batch-3-R000961,BATCH-3-CLM-0001050,none
batch-3-R000962,BATCH-3-CLM-0001051,none
batch-3-R000963,BATCH-3-CLM-0001052,none
batch-3-R000964,BATCH-3-CLM-0001053,none
batch-3-R000965,BATCH-3-CLM-0001054,none
batch-3-R000966,BATCH-3-CLM-0001055,none
batch-3-R000967,BATCH-3-CLM-0001056,none
batch-3-R000968,BATCH-3-CLM-0001057,none
batch-3-R000969,BATCH-3-CLM-0001058,none
batch-3-R000970,BATCH-3-CLM-0001059,none
batch-3-R000971,BATCH-3-CLM-0001060,none
batch-3-R000972,BATCH-3-CLM-0001061,none
batch-3-R000973,BATCH-3-CLM-0001062,none
batch-3-R000974,BATCH-3-CLM-0001063,none
batch-3-R000975,BATCH-3-CLM-0001064,none
batch-3-R000976,BATCH-3-CLM-0001065,none
batch-3-R000977,BATCH-3-CLM-0001066,none
batch-3-R000978,BATCH-3-CLM-0001067,none
batch-3-R000979,BATCH-3-CLM-0001068,none
batch-3-R000980,BATCH-3-CLM-0001069,none
batch-3-R000981,BATCH-3-CLM-0001070,none
batch-3-R000982,BATCH-3-CLM-0001071,none
batch-3-R000983,BATCH-3-CLM-0001072,none
batch-3-R000984,BATCH-3-CLM-0001073,none
batch-3-R000985,BATCH-3-CLM-0001074,none
batch-3-R000986,BATCH-3-CLM-0001075,none
batch-3-R000987,BATCH-3-CLM-0001076,none
batch-3-R000988,BATCH-3-CLM-0001077,none
batch-3-R000989,BATCH-3-CLM-0001078,none
batch-3-R000990,BATCH-3-CLM-0001079,none
batch-3-R000991,BATCH-3-CLM-0001080,none
batch-3-R000992,BATCH-3-CLM-0001081,none
batch-3-R000993,BATCH-3-CLM-0001082,none
batch-3-R000994,BATCH-3-CLM-0001083,none
batch-3-R000995,BATCH-3-CLM-0001084,none
batch-3-R000996,BATCH-3-CLM-0001085,none
batch-3-R000997,BATCH-3-CLM-0001086,none
batch-3-R000998,BATCH-3-CLM-0001087,none
batch-3-R000999,BATCH-3-CLM-0001088,none
batch-3-R001000,BATCH-3-CLM-0001089,none
batch-3-R001001,BATCH-3-CLM-0001090,none
batch-3-R001002,BATCH-3-CLM-0001091,none
batch-3-R001003,BATCH-3-CLM-0001092,none
batch-3-R001004,BATCH-3-CLM-0001067,none
batch-3-R001005,BATCH-3-CLM-0001093,none
batch-3-R001006,BATCH-3-CLM-0001094,none
batch-3-R001007,BATCH-3-CLM-0001095,none
batch-3-R001008,BATCH-3-CLM-0001096,none
batch-3-R001009,BATCH-3-CLM-0001097,none
batch-3-R001010,BATCH-3-CLM-0001098,none
batch-3-R001011,BATCH-3-CLM-0001099,none
batch-3-R001012,BATCH-3-CLM-0001100,none
batch-3-R001013,BATCH-3-CLM-0001101,none
batch-3-R001014,BATCH-3-CLM-0001102,none
batch-3-R001015,BATCH-3-CLM-0001103,none
batch-3-R001016,BATCH-3-CLM-0001104,none
batch-3-R001017,BATCH-3-CLM-0001105,none
batch-3-R001018,BATCH-3-CLM-0001106,none
batch-3-R001019,BATCH-3-CLM-0001107,none
batch-3-R001020,BATCH-3-CLM-0001108,none
batch-3-R001021,BATCH-3-CLM-0001109,none
batch-3-R001022,BATCH-3-CLM-0001110,none
batch-3-R001023,BATCH-3-CLM-0001111,none
batch-3-R001024,BATCH-3-CLM-0001112,none
batch-3-R001025,BATCH-3-CLM-0001113,none
batch-3-R001026,BATCH-3-CLM-0001114,none
batch-3-R001027,BATCH-3-CLM-0001115,none
batch-3-R001028,BATCH-3-CLM-0001116,none
batch-3-R001029,BATCH-3-CLM-0001117,none
batch-3-R001030,BATCH-3-CLM-0001118,none
batch-3-R001031,BATCH-3-CLM-0001119,none
batch-3-R001032,BATCH-3-CLM-0001120,none
batch-3-R001033,BATCH-3-CLM-0001121,none
batch-3-R001034,BATCH-3-CLM-0001122,none
batch-3-R001035,BATCH-3-CLM-0001123,none
batch-3-R001036,BATCH-3-CLM-0001124,none
batch-3-R001037,BATCH-3-CLM-0001125,none
batch-3-R001038,BATCH-3-CLM-0001126,none
batch-3-R001039,BATCH-3-CLM-0001127,none
batch-3-R001040,BATCH-3-CLM-0001128,none
batch-3-R001041,BATCH-3-CLM-0001129,none
batch-3-R001042,BATCH-3-CLM-0001130,none
batch-3-R001043,BATCH-3-CLM-0001131,none
batch-3-R001044,BATCH-3-CLM-0001132,none
batch-3-R001045,BATCH-3-CLM-0001133,none
batch-3-R001046,BATCH-3-CLM-0001134,none
batch-3-R001047,BATCH-3-CLM-0001135,none
batch-3-R001048,BATCH-3-CLM-0001136,none
batch-3-R001049,BATCH-3-CLM-0001137,none
batch-3-R001050,BATCH-3-CLM-0001138,none
batch-3-R001051,BATCH-3-CLM-0001139,none
batch-3-R001052,BATCH-3-CLM-0001140,none
batch-3-R001053,BATCH-3-CLM-0001141,none
batch-3-R001054,BATCH-3-CLM-0001142,none
batch-3-R001055,BATCH-3-CLM-0001143,none
batch-3-R001056,BATCH-3-CLM-0001144,none
batch-3-R001057,BATCH-3-CLM-0001145,none
batch-3-R001058,BATCH-3-CLM-0001146,none
batch-3-R001059,BATCH-3-CLM-0001147,none
batch-3-R001060,BATCH-3-CLM-0001148,none
batch-3-R001061,BATCH-3-CLM-0001149,none
batch-3-R001062,BATCH-3-CLM-0001150,none
batch-3-R001063,BATCH-3-CLM-0001151,none
batch-3-R001064,BATCH-3-CLM-0001152,none
batch-3-R001065,BATCH-3-CLM-0001153,none
batch-3-R001066,BATCH-3-CLM-0001154,none
batch-3-R001067,BATCH-3-CLM-0001155,none
batch-3-R001068,BATCH-3-CLM-0001156,none
batch-3-R001069,BATCH-3-CLM-0001157,none
batch-3-R001070,BATCH-3-CLM-0001158,none
batch-3-R001071,BATCH-3-CLM-0001159,none
batch-3-R001072,BATCH-3-CLM-0001160,none
batch-3-R001073,BATCH-3-CLM-0001161,none
batch-3-R001074,BATCH-3-CLM-0001162,none
batch-3-R001075,BATCH-3-CLM-0001163,none
batch-3-R001076,BATCH-3-CLM-0001164,none
batch-3-R001077,BATCH-3-CLM-0001165,none
batch-3-R001078,BATCH-3-CLM-0001166,none
batch-3-R001079,BATCH-3-CLM-0001167,none
batch-3-R001080,BATCH-3-CLM-0001168,none
batch-3-R001081,BATCH-3-CLM-0001169,none
batch-3-R001082,BATCH-3-CLM-0001170,none
batch-3-R001083,BATCH-3-CLM-0001171,none
batch-3-R001084,BATCH-3-CLM-0001172,none
batch-3-R001085,BATCH-3-CLM-0001173,none
batch-3-R001086,BATCH-3-CLM-0001174,none
batch-3-R001087,BATCH-3-CLM-0001175,none
batch-3-R001088,BATCH-3-CLM-0001176,none
batch-3-R001089,BATCH-3-CLM-0001177,none
batch-3-R001090,BATCH-3-CLM-0001178,none
batch-3-R001091,BATCH-3-CLM-0001179,none
batch-3-R001092,BATCH-3-CLM-0001180,none
batch-3-R001093,BATCH-3-CLM-0001181,distribution_shift
batch-3-R001094,BATCH-3-CLM-0001182,distribution_shift
batch-3-R001095,BATCH-3-CLM-0001183,distribution_shift
batch-3-R001096,BATCH-3-CLM-0001184,none
batch-3-R001097,BATCH-3-CLM-0001185,none
batch-3-R001098,BATCH-3-CLM-0001186,none
batch-3-R001099,BATCH-3-CLM-0001187,distribution_shift
batch-3-R001100,BATCH-3-CLM-0001188,distribution_shift
batch-3-R001101,BATCH-3-CLM-0001189,none
batch-3-R001102,BATCH-3-CLM-0001190,distribution_shift
batch-3-R001103,BATCH-3-CLM-0001191,none
batch-3-R001104,BATCH-3-CLM-0001192,none
batch-3-R001105,BATCH-3-CLM-0001193,distribution_shift
batch-3-R001106,BATCH-3-CLM-0001194,distribution_shift
batch-3-R001107,BATCH-3-CLM-0001195,none
batch-3-R001108,BATCH-3-CLM-0001196,none
batch-3-R001109,BATCH-3-CLM-0001197,distribution_shift
batch-3-R001110,BATCH-3-CLM-0001198,none
batch-3-R001111,BATCH-3-CLM-0001199,distribution_shift
batch-3-R001112,BATCH-3-CLM-0001200,none
batch-3-R001113,BATCH-3-CLM-0001201,distribution_shift
batch-3-R001114,BATCH-3-CLM-0001202,none
batch-3-R001115,BATCH-3-CLM-0001203,distribution_shift
batch-3-R001116,BATCH-3-CLM-0001204,distribution_shift
batch-3-R001117,BATCH-3-CLM-0001205,distribution_shift
batch-3-R001118,BATCH-3-CLM-0001206,distribution_shift
batch-3-R001119,BATCH-3-CLM-0001207,none
batch-3-R001120,BATCH-3-CLM-0001208,distribution_shift
batch-3-R001121,BATCH-3-CLM-0001209,none
batch-3-R001122,BATCH-3-CLM-0001210,none
batch-3-R001123,BATCH-3-CLM-0001211,distribution_shift
batch-3-R001124,BATCH-3-CLM-0001212,distribution_shift
batch-3-R001125,BATCH-3-CLM-0001213,none
batch-3-R001126,BATCH-3-CLM-0001214,distribution_shift
batch-3-R001127,BATCH-3-CLM-0001215,none
batch-3-R001128,BATCH-3-CLM-0001216,distribution_shift
batch-3-R001129,BATCH-3-CLM-0001217,distribution_shift
batch-3-R001130,BATCH-3-CLM-0001218,distribution_shift
batch-3-R001131,BATCH-3-CLM-0001219,distribution_shift
batch-3-R001132,BATCH-3-CLM-0001220,distribution_shift
batch-3-R001133,BATCH-3-CLM-0001221,distribution_shift
batch-3-R001134,BATCH-3-CLM-0001222,distribution_shift
batch-3-R001135,BATCH-3-CLM-0001223,distribution_shift
batch-3-R001136,BATCH-3-CLM-0001224,distribution_shift
batch-3-R001137,BATCH-3-CLM-0001225,distribution_shift
batch-3-R001138,BATCH-3-CLM-0001226,none
batch-3-R001139,BATCH-3-CLM-0001227,none
batch-3-R001140,BATCH-3-CLM-0001228,none
batch-3-R001141,BATCH-3-CLM-0001229,none
batch-3-R001142,BATCH-3-CLM-0001230,distribution_shift
batch-3-R001143,BATCH-3-CLM-0001231,distribution_shift
batch-3-R001144,BATCH-3-CLM-0001232,distribution_shift
batch-3-R001145,BATCH-3-CLM-0001233,none
batch-3-R001146,BATCH-3-CLM-0001234,distribution_shift
batch-3-R001147,BATCH-3-CLM-0001235,none
batch-3-R001148,BATCH-3-CLM-0001236,distribution_shift
batch-3-R001149,BATCH-3-CLM-0001237,none
batch-3-R001150,BATCH-3-CLM-0001238,distribution_shift
batch-3-R001151,BATCH-3-CLM-0001239,none
batch-3-R001152,BATCH-3-CLM-0001240,distribution_shift
batch-3-R001153,BATCH-3-CLM-0001241,distribution_shift
batch-3-R001154,BATCH-3-CLM-0001242,none
batch-3-R001155,BATCH-3-CLM-0001243,none
batch-3-R001156,BATCH-3-CLM-0001244,none
batch-3-R001157,BATCH-3-CLM-0001245,distribution_shift
batch-3-R001158,BATCH-3-CLM-0001246,none
batch-3-R001159,BATCH-3-CLM-0001247,none
batch-3-R001160,BATCH-3-CLM-0001248,none
batch-3-R001161,BATCH-3-CLM-0001249,none
batch-3-R001162,BATCH-3-CLM-0001250,none
batch-3-R001163,BATCH-3-CLM-0001251,none
batch-3-R001164,BATCH-3-CLM-0001252,none
batch-3-R001165,BATCH-3-CLM-0001253,none
batch-3-R001166,BATCH-3-CLM-0001254,none
batch-3-R001167,BATCH-3-CLM-0001255,none
batch-3-R001168,BATCH-3-CLM-0001256,none
batch-3-R001169,BATCH-3-CLM-0001257,none
batch-3-R001170,BATCH-3-CLM-0001258,none
batch-3-R001171,BATCH-3-CLM-0001259,none
batch-3-R001172,BATCH-3-CLM-0001260,none
batch-3-R001173,BATCH-3-CLM-0001261,none
batch-3-R001174,BATCH-3-CLM-0001262,none
batch-3-R001175,BATCH-3-CLM-0001263,none
batch-3-R001176,BATCH-3-CLM-0001264,none
batch-3-R001177,BATCH-3-CLM-0001265,none
batch-3-R001178,BATCH-3-CLM-0001266,none
batch-3-R001179,BATCH-3-CLM-0001267,none
batch-3-R001180,BATCH-3-CLM-0001268,none
batch-3-R001181,BATCH-3-CLM-0001269,none
batch-3-R001182,BATCH-3-CLM-0001270,none
batch-3-R001183,BATCH-3-CLM-0001271,none
batch-3-R001184,BATCH-3-CLM-0001272,none
batch-3-R001185,BATCH-3-CLM-0001273,none
batch-3-R001186,BATCH-3-CLM-0001274,none
batch-3-R001187,BATCH-3-CLM-0001275,none
batch-3-R001188,BATCH-3-CLM-0001276,none
batch-3-R001189,BATCH-3-CLM-0001277,none
batch-3-R001190,BATCH-3-CLM-0001278,none
batch-3-R001191,BATCH-3-CLM-0001279,none
batch-3-R001192,BATCH-3-CLM-0001280,none
batch-3-R001193,BATCH-3-CLM-0001281,none
batch-3-R001194,BATCH-3-CLM-0001282,none
batch-3-R001195,BATCH-3-CLM-0001283,none
batch-3-R001196,BATCH-3-CLM-0001284,none
batch-3-R001197,BATCH-3-CLM-0001285,none
batch-3-R001198,BATCH-3-CLM-0001286,none
batch-3-R001199,BATCH-3-CLM-0001287,none
batch-3-R001200,BATCH-3-CLM-0001288,none
batch-3-R001201,BATCH-3-CLM-0001289,none
batch-3-R001202,BATCH-3-CLM-0001290,none
batch-3-R001203,BATCH-3-CLM-0001291,none
batch-3-R001204,BATCH-3-CLM-0001292,none
batch-3-R001205,BATCH-3-CLM-0001293,none
batch-3-R001206,BATCH-3-CLM-0001294,none
batch-3-R001207,BATCH-3-CLM-0001295,none
batch-3-R001208,BATCH-3-CLM-0001296,none
batch-3-R001209,BATCH-3-CLM-0001297,none
batch-3-R001210,BATCH-3-CLM-0001298,none
batch-3-R001211,BATCH-3-CLM-0001299,none
batch-3-R001212,BATCH-3-CLM-0001300,none
batch-3-R001213,BATCH-3-CLM-0001301,none
batch-3-R001214,BATCH-3-CLM-0001302,none
batch-3-R001215,BATCH-3-CLM-0001303,none
batch-3-R001216,BATCH-3-CLM-0001304,none
batch-3-R001217,BATCH-3-CLM-0001305,none
batch-3-R001218,BATCH-3-CLM-0001306,none
batch-3-R001219,BATCH-3-CLM-0001307,none
batch-3-R001220,BATCH-3-CLM-0001308,none
batch-3-R001221,BATCH-3-CLM-0001309,none
batch-3-R001222,BATCH-3-CLM-0001310,none
batch-3-R001223,BATCH-3-CLM-0001311,none
batch-3-R001224,BATCH-3-CLM-0001312,none
batch-3-R001225,BATCH-3-CLM-0001313,none
batch-3-R001226,BATCH-3-CLM-0001314,none
batch-3-R001227,BATCH-3-CLM-0001315,none
batch-3-R001228,BATCH-3-CLM-0001316,none
batch-3-R001229,BATCH-3-CLM-0001317,none
batch-3-R001230,BATCH-3-CLM-0001318,none
batch-3-R001231,BATCH-3-CLM-0001319,none
batch-3-R001232,BATCH-3-CLM-0001320,none
batch-3-R001233,BATCH-3-CLM-0001321,none
batch-3-R001234,BATCH-3-CLM-0001322,none
batch-3-R001235,BATCH-3-CLM-0001323,none
batch-3-R001236,BATCH-3-CLM-0001324,none
batch-3-R001237,BATCH-3-CLM-0001325,none
batch-3-R001238,BATCH-3-CLM-0001326,none
batch-3-R001239,BATCH-3-CLM-0001327,none
batch-3-R001240,BATCH-3-CLM-0001328,none
batch-3-R001241,BATCH-3-CLM-0001329,none
batch-3-R001242,BATCH-3-CLM-0001330,none
batch-3-R001243,BATCH-3-CLM-0001331,none
batch-3-R001244,BATCH-3-CLM-0001332,none
batch-3-R001245,BATCH-3-CLM-0001333,none
batch-3-R001246,BATCH-3-CLM-0001334,none
batch-3-R001247,BATCH-3-CLM-0001335,none
batch-3-R001248,BATCH-3-CLM-0001336,none
batch-3-R001249,BATCH-3-CLM-0001337,none
batch-3-R001250,BATCH-3-CLM-0001338,none
batch-3-R001251,BATCH-3-CLM-0001339,none
batch-3-R001252,BATCH-3-CLM-0001340,none
batch-3-R001253,BATCH-3-CLM-0001341,none
batch-3-R001254,BATCH-3-CLM-0001342,none
batch-3-R001255,BATCH-3-CLM-0001343,none
batch-3-R001256,BATCH-3-CLM-0001344,none
batch-3-R001257,BATCH-3-CLM-0001345,none
batch-3-R001258,BATCH-3-CLM-0001346,none
batch-3-R001259,BATCH-3-CLM-0001347,none
batch-3-R001260,BATCH-3-CLM-0001348,none
batch-3-R001261,BATCH-3-CLM-0001349,none
batch-3-R001262,BATCH-3-CLM-0001350,none
batch-3-R001263,BATCH-3-CLM-0001351,none
batch-3-R001264,BATCH-3-CLM-0001352,none
batch-3-R001265,BATCH-3-CLM-0001353,none
batch-3-R001266,BATCH-3-CLM-0001354,none
batch-3-R001267,BATCH-3-CLM-0001355,none
batch-3-R001268,BATCH-3-CLM-0001356,none
batch-3-R001269,BATCH-3-CLM-0001357,none
batch-3-R001270,BATCH-3-CLM-0001358,none
batch-3-R001271,BATCH-3-CLM-0001359,none
batch-3-R001272,BATCH-3-CLM-0001360,none
batch-3-R001273,BATCH-3-CLM-0001361,none
batch-3-R001274,BATCH-3-CLM-0001362,none
batch-3-R001275,BATCH-3-CLM-0001363,none
batch-3-R001276,BATCH-3-CLM-0001364,none
batch-3-R001277,BATCH-3-CLM-0001365,none
batch-3-R001278,BATCH-3-CLM-0001366,none
batch-3-R001279,BATCH-3-CLM-0001367,none
batch-3-R001280,BATCH-3-CLM-0001368,none
batch-3-R001281,BATCH-3-CLM-0001369,none
batch-3-R001282,BATCH-3-CLM-0001370,none
batch-3-R001283,BATCH-3-CLM-0001371,none
batch-3-R001284,BATCH-3-CLM-0001372,none
batch-3-R001285,BATCH-3-CLM-0001373,none
batch-3-R001286,BATCH-3-CLM-0001365,duplicate_spike
batch-3-R001287,BATCH-3-CLM-0001368,duplicate_spike
batch-3-R001288,BATCH-3-CLM-0001359,duplicate_spike
batch-3-R001289,BATCH-3-CLM-0001369,duplicate_spike
batch-3-R001290,BATCH-3-CLM-0001355,duplicate_spike
batch-3-R001291,BATCH-3-CLM-0001358,duplicate_spike
batch-3-R001292,BATCH-3-CLM-0001370,duplicate_spike
batch-3-R001293,BATCH-3-CLM-0001362,duplicate_spike
batch-3-R001294,BATCH-3-CLM-0001366,duplicate_spike
batch-3-R001295,BATCH-3-CLM-0001364,duplicate_spike
batch-3-R001296,BATCH-3-CLM-0001374,none
batch-3-R001297,BATCH-3-CLM-0001375,none
batch-3-R001298,BATCH-3-CLM-0001376,none
batch-3-R001299,BATCH-3-CLM-0001377,none
batch-3-R001300,BATCH-3-CLM-0001378,none
batch-3-R001301,BATCH-3-CLM-0001379,none
batch-3-R001302,BATCH-3-CLM-0001380,none
batch-3-R001303,BATCH-3-CLM-0001381,none
batch-3-R001304,BATCH-3-CLM-0001382,none
batch-3-R001305,BATCH-3-CLM-0001383,none
batch-3-R001306,BATCH-3-CLM-0001384,none
batch-3-R001307,BATCH-3-CLM-0001385,none
batch-3-R001308,BATCH-3-CLM-0001386,none
batch-3-R001309,BATCH-3-CLM-0001387,none
batch-3-R001310,BATCH-3-CLM-0001388,none
batch-3-R001311,BATCH-3-CLM-0001389,none
batch-3-R001312,BATCH-3-CLM-0001390,none
batch-3-R001313,BATCH-3-CLM-0001391,none
batch-3-R001314,BATCH-3-CLM-0001392,none
batch-3-R001315,BATCH-3-CLM-0001393,none
batch-3-R001316,BATCH-3-CLM-0001394,none
batch-3-R001317,BATCH-3-CLM-0001395,none
batch-3-R001318,BATCH-3-CLM-0001396,none
batch-3-R001319,BATCH-3-CLM-0001397,none
batch-3-R001320,BATCH-3-CLM-0001398,none
batch-3-R001321,BATCH-3-CLM-0001399,none
batch-3-R001322,BATCH-3-CLM-0001400,none
batch-3-R001323,BATCH-3-CLM-0001401,none
batch-3-R001324,BATCH-3-CLM-0001402,none
batch-3-R001325,BATCH-3-CLM-0001403,none
batch-3-R001326,BATCH-3-CLM-0001404,none
batch-3-R001327,BATCH-3-CLM-0001405,none
batch-3-R001328,BATCH-3-CLM-0001406,none
batch-3-R001329,BATCH-3-CLM-0001407,none
batch-3-R001330,BATCH-3-CLM-0001408,none
batch-3-R001331,BATCH-3-CLM-0001409,none
batch-3-R001332,BATCH-3-CLM-0001410,none
batch-3-R001333,BATCH-3-CLM-0001411,none
batch-3-R001334,BATCH-3-CLM-0001412,none
batch-3-R001335,BATCH-3-CLM-0001413,none
batch-3-R001336,BATCH-3-CLM-0001414,none
batch-3-R001337,BATCH-3-CLM-0001415,none
batch-3-R001338,BATCH-3-CLM-0001416,none
batch-3-R001339,BATCH-3-CLM-0001417,none
batch-3-R001340,BATCH-3-CLM-0001418,none
batch-3-R001341,BATCH-3-CLM-0001419,none
batch-3-R001342,BATCH-3-CLM-0001420,none
batch-3-R001343,BATCH-3-CLM-0001421,none
batch-3-R001344,BATCH-3-CLM-0001422,none
batch-3-R001345,BATCH-3-CLM-0001423,none
batch-3-R001346,BATCH-3-CLM-0001424,none
batch-3-R001347,BATCH-3-CLM-0001425,none
batch-3-R001348,BATCH-3-CLM-0001426,none
batch-3-R001349,BATCH-3-CLM-0001427,none
batch-3-R001350,BATCH-3-CLM-0001428,none
batch-3-R001351,BATCH-3-CLM-0001429,none
batch-3-R001352,BATCH-3-CLM-0001430,none
batch-3-R001353,BATCH-3-CLM-0001431,none
batch-3-R001354,BATCH-3-CLM-0001432,none
batch-3-R001355,BATCH-3-CLM-0001433,none
batch-3-R001356,BATCH-3-CLM-0001434,none
batch-3-R001357,BATCH-3-CLM-0001435,none
batch-3-R001358,BATCH-3-CLM-0001436,none
batch-3-R001359,BATCH-3-CLM-0001437,none
batch-3-R001360,BATCH-3-CLM-0001438,none
batch-3-R001361,BATCH-3-CLM-0001439,none
batch-3-R001362,BATCH-3-CLM-0001440,none
batch-3-R001363,BATCH-3-CLM-0001441,none
batch-3-R001364,BATCH-3-CLM-0001442,none
batch-3-R001365,BATCH-3-CLM-0001443,none
batch-3-R001366,BATCH-3-CLM-0001444,none
batch-3-R001367,BATCH-3-CLM-0001445,none
batch-3-R001368,BATCH-3-CLM-0001446,none
batch-3-R001369,BATCH-3-CLM-0001447,none
batch-3-R001370,BATCH-3-CLM-0001448,none
batch-3-R001371,BATCH-3-CLM-0001449,none
batch-3-R001372,BATCH-3-CLM-0001450,none
batch-3-R001373,BATCH-3-CLM-0001451,none
batch-3-R001374,BATCH-3-CLM-0001452,none
batch-3-R001375,BATCH-3-CLM-0001453,none
batch-3-R001376,BATCH-3-CLM-0001454,none
batch-3-R001377,BATCH-3-CLM-0001455,none
batch-3-R001378,BATCH-3-CLM-0001456,none
batch-3-R001379,BATCH-3-CLM-0001457,none
batch-3-R001380,BATCH-3-CLM-0001458,none
batch-3-R001381,BATCH-3-CLM-0001459,none
batch-3-R001382,BATCH-3-CLM-0001460,none
batch-3-R001383,BATCH-3-CLM-0001461,none
batch-3-R001384,BATCH-3-CLM-0001462,none
batch-3-R001385,BATCH-3-CLM-0001463,none
batch-3-R001386,BATCH-3-CLM-0001464,none
batch-3-R001387,BATCH-3-CLM-0001465,none
batch-3-R001388,BATCH-3-CLM-0001466,none
batch-3-R001389,BATCH-3-CLM-0001467,none
batch-3-R001390,BATCH-3-CLM-0001468,none
batch-3-R001391,BATCH-3-CLM-0001469,none
batch-3-R001392,BATCH-3-CLM-0001470,none
batch-3-R001393,BATCH-3-CLM-0001471,none
batch-3-R001394,BATCH-3-CLM-0001472,none
batch-3-R001395,BATCH-3-CLM-0001473,none
batch-3-R001396,BATCH-3-CLM-0001474,none
batch-3-R001397,BATCH-3-CLM-0001475,none
batch-3-R001398,BATCH-3-CLM-0001476,none
batch-3-R001399,BATCH-3-CLM-0001477,none
batch-3-R001400,BATCH-3-CLM-0001478,none
batch-3-R001401,BATCH-3-CLM-0001479,none
batch-3-R001402,BATCH-3-CLM-0001480,none
batch-3-R001403,BATCH-3-CLM-0001481,none
batch-3-R001404,BATCH-3-CLM-0001482,none
batch-3-R001405,BATCH-3-CLM-0001483,none
batch-3-R001406,BATCH-3-CLM-0001484,none
batch-3-R001407,BATCH-3-CLM-0001485,none
batch-3-R001408,BATCH-3-CLM-0001486,none
batch-3-R001409,BATCH-3-CLM-0001487,none
batch-3-R001410,BATCH-3-CLM-0001488,none
batch-3-R001411,BATCH-3-CLM-0001489,none
batch-3-R001412,BATCH-3-CLM-0001490,none
batch-3-R001413,BATCH-3-CLM-0001491,none
batch-3-R001414,BATCH-3-CLM-0001492,none
batch-3-R001415,BATCH-3-CLM-0001455,none
batch-3-R001416,BATCH-3-CLM-0001493,none
batch-3-R001417,BATCH-3-CLM-0001494,none
batch-3-R001418,BATCH-3-CLM-0001495,none
batch-3-R001419,BATCH-3-CLM-0001496,none
batch-3-R001420,BATCH-3-CLM-0001497,none
batch-3-R001421,BATCH-3-CLM-0001498,none
batch-3-R001422,BATCH-3-CLM-0001499,none
batch-3-R001423,BATCH-3-CLM-0001500,none
batch-3-R001424,BATCH-3-CLM-0001501,none
batch-3-R001425,BATCH-3-CLM-0001502,none
batch-3-R001426,BATCH-3-CLM-0001503,none
batch-3-R001427,BATCH-3-CLM-0001504,none
batch-3-R001428,BATCH-3-CLM-0001505,none
batch-3-R001429,BATCH-3-CLM-0001506,none
batch-3-R001430,BATCH-3-CLM-0001507,none
batch-3-R001431,BATCH-3-CLM-0001508,none
batch-3-R001432,BATCH-3-CLM-0001509,none
batch-3-R001433,BATCH-3-CLM-0001510,none
batch-3-R001434,BATCH-3-CLM-0001511,none
batch-3-R001435,BATCH-3-CLM-0001512,none
batch-3-R001436,BATCH-3-CLM-0001513,none
batch-3-R001437,BATCH-3-CLM-0001514,none
batch-3-R001438,BATCH-3-CLM-0001515,none
batch-3-R001439,BATCH-3-CLM-0001516,none
batch-3-R001440,BATCH-3-CLM-0001517,none
batch-3-R001441,BATCH-3-CLM-0001518,none
batch-3-R001442,BATCH-3-CLM-0001519,none
batch-3-R001443,BATCH-3-CLM-0001520,none
batch-3-R001444,BATCH-3-CLM-0001521,none
batch-3-R001445,BATCH-3-CLM-0001522,none
batch-3-R001446,BATCH-3-CLM-0001523,none
batch-3-R001447,BATCH-3-CLM-0001524,none
batch-3-R001448,BATCH-3-CLM-0001525,none
batch-3-R001449,BATCH-3-CLM-0001526,none
batch-3-R001450,BATCH-3-CLM-0001527,none
batch-3-R001451,BATCH-3-CLM-0001528,none
batch-3-R001452,BATCH-3-CLM-0001529,none
batch-3-R001453,BATCH-3-CLM-0001530,none
batch-3-R001454,BATCH-3-CLM-0001531,none
batch-3-R001455,BATCH-3-CLM-0001532,none
batch-3-R001456,BATCH-3-CLM-0001533,none
batch-3-R001457,BATCH-3-CLM-0001534,none
batch-3-R001458,BATCH-3-CLM-0001535,none
batch-3-R001459,BATCH-3-CLM-0001536,none
batch-3-R001460,BATCH-3-CLM-0001537,none
batch-3-R001461,BATCH-3-CLM-0001538,none
batch-3-R001462,BATCH-3-CLM-0001539,none
batch-3-R001463,BATCH-3-CLM-0001540,none
batch-3-R001464,BATCH-3-CLM-0001541,none
batch-3-R001465,BATCH-3-CLM-0001542,none
batch-3-R001466,BATCH-3-CLM-0001543,none
batch-3-R001467,BATCH-3-CLM-0001544,none
batch-3-R001468,BATCH-3-CLM-0001545,none
batch-3-R001469,BATCH-3-CLM-0001546,none
batch-3-R001470,BATCH-3-CLM-0001547,none
batch-3-R001471,BATCH-3-CLM-0001548,none
batch-3-R001472,BATCH-3-CLM-0001549,none
batch-3-R001473,BATCH-3-CLM-0001550,none
batch-3-R001474,BATCH-3-CLM-0001551,none
batch-3-R001475,BATCH-3-CLM-0001552,none
batch-3-R001476,BATCH-3-CLM-0001553,none
batch-3-R001477,BATCH-3-CLM-0001554,none
batch-3-R001478,BATCH-3-CLM-0001555,none
batch-3-R001479,BATCH-3-CLM-0001556,none
batch-3-R001480,BATCH-3-CLM-0001557,none
batch-3-R001481,BATCH-3-CLM-0001558,none
batch-3-R001482,BATCH-3-CLM-0001559,none
batch-3-R001483,BATCH-3-CLM-0001560,none
batch-3-R001484,BATCH-3-CLM-0001561,none
batch-3-R001485,BATCH-3-CLM-0001562,none
batch-3-R001486,BATCH-3-CLM-0001563,none
batch-3-R001487,BATCH-3-CLM-0001564,none
batch-3-R001488,BATCH-3-CLM-0001565,none
batch-3-R001489,BATCH-3-CLM-0001566,none
batch-3-R001490,BATCH-3-CLM-0001567,none
batch-3-R001491,BATCH-3-CLM-0001568,none
batch-3-R001492,BATCH-3-CLM-0001569,none
batch-3-R001493,BATCH-3-CLM-0001570,none
batch-3-R001494,BATCH-3-CLM-0001571,none
batch-3-R001495,BATCH-3-CLM-0001572,none
batch-3-R001496,BATCH-3-CLM-0001573,none
batch-3-R001497,BATCH-3-CLM-0001574,none
batch-3-R001498,BATCH-3-CLM-0001575,none
batch-3-R001499,BATCH-3-CLM-0001576,none
batch-3-R001500,BATCH-3-CLM-0001577,none
batch-3-R001501,BATCH-3-CLM-0001578,none
batch-3-R001502,BATCH-3-CLM-0001579,none
batch-3-R001503,BATCH-3-CLM-0001580,none
batch-3-R001504,BATCH-3-CLM-0001581,none
batch-3-R001505,BATCH-3-CLM-0001582,none
batch-3-R001506,BATCH-3-CLM-0001583,none
batch-3-R001507,BATCH-3-CLM-0001584,none
batch-3-R001508,BATCH-3-CLM-0001585,none
batch-3-R001509,BATCH-3-CLM-0001586,none
batch-3-R001510,BATCH-3-CLM-0001587,none
batch-3-R001511,BATCH-3-CLM-0001588,none
batch-3-R001512,BATCH-3-CLM-0001589,none
batch-3-R001513,BATCH-3-CLM-0001590,none
batch-3-R001514,BATCH-3-CLM-0001591,none
batch-3-R001515,BATCH-3-CLM-0001592,none
batch-3-R001516,BATCH-3-CLM-0001593,none
batch-3-R001517,BATCH-3-CLM-0001594,none
batch-3-R001518,BATCH-3-CLM-0001595,none
batch-3-R001519,BATCH-3-CLM-0001596,none
batch-3-R001520,BATCH-3-CLM-0001597,none
batch-3-R001521,BATCH-3-CLM-0001598,none
batch-3-R001522,BATCH-3-CLM-0001599,none
batch-3-R001523,BATCH-3-CLM-0001600,none
batch-3-R001524,BATCH-3-CLM-0001601,none
batch-3-R001525,BATCH-3-CLM-0001602,none
batch-3-R001526,BATCH-3-CLM-0001603,none
batch-3-R001527,BATCH-3-CLM-0001604,none
batch-3-R001528,BATCH-3-CLM-0001605,none
batch-3-R001529,BATCH-3-CLM-0001606,none
batch-3-R001530,BATCH-3-CLM-0001607,none
batch-3-R001531,BATCH-3-CLM-0001608,none
batch-3-R001532,BATCH-3-CLM-0001609,none
batch-3-R001533,BATCH-3-CLM-0001610,none
batch-3-R001534,BATCH-3-CLM-0001611,none
batch-3-R001535,BATCH-3-CLM-0001612,none
batch-3-R001536,BATCH-3-CLM-0001613,none
batch-3-R001537,BATCH-3-CLM-0001614,none
batch-3-R001538,BATCH-3-CLM-0001615,none
batch-3-R001539,BATCH-3-CLM-0001616,none
batch-3-R001540,BATCH-3-CLM-0001617,none
batch-3-R001541,BATCH-3-CLM-0001618,none
batch-3-R001542,BATCH-3-CLM-0001619,none
batch-3-R001543,BATCH-3-CLM-0001620,none
batch-3-R001544,BATCH-3-CLM-0001621,none
batch-3-R001545,BATCH-3-CLM-0001622,none
batch-3-R001546,BATCH-3-CLM-0001623,none
batch-3-R001547,BATCH-3-CLM-0001624,none
batch-3-R001548,BATCH-3-CLM-0001625,none
batch-3-R001549,BATCH-3-CLM-0001626,none
batch-3-R001550,BATCH-3-CLM-0001627,none
batch-3-R001551,BATCH-3-CLM-0001628,none
batch-3-R001552,BATCH-3-CLM-0001629,none
batch-3-R001553,BATCH-3-CLM-0001630,none
batch-3-R001554,BATCH-3-CLM-0001631,none
batch-3-R001555,BATCH-3-CLM-0001632,none
batch-3-R001556,BATCH-3-CLM-0001633,none
batch-3-R001557,BATCH-3-CLM-0001634,none
batch-3-R001558,BATCH-3-CLM-0001635,none
batch-3-R001559,BATCH-3-CLM-0001636,none
batch-3-R001560,BATCH-3-CLM-0001637,none
batch-3-R001561,BATCH-3-CLM-0001638,none
batch-3-R001562,BATCH-3-CLM-0001639,none
batch-3-R001563,BATCH-3-CLM-0001640,none
batch-3-R001564,BATCH-3-CLM-0001641,none
batch-3-R001565,BATCH-3-CLM-0001642,none
batch-3-R001566,BATCH-3-CLM-0001643,none
batch-3-R001567,BATCH-3-CLM-0001644,none
batch-3-R001568,BATCH-3-CLM-0001645,none
batch-3-R001569,BATCH-3-CLM-0001646,none
batch-3-R001570,BATCH-3-CLM-0001647,none
batch-3-R001571,BATCH-3-CLM-0001648,none
batch-3-R001572,BATCH-3-CLM-0001649,none
batch-3-R001573,BATCH-3-CLM-0001650,none
batch-3-R001574,BATCH-3-CLM-0001651,none
batch-3-R001575,BATCH-3-CLM-0001652,none
batch-3-R001576,BATCH-3-CLM-0001653,none
batch-3-R001577,BATCH-3-CLM-0001654,none
batch-3-R001578,BATCH-3-CLM-0001655,none
batch-3-R001579,BATCH-3-CLM-0001656,none
batch-3-R001580,BATCH-3-CLM-0001657,none
batch-3-R001581,BATCH-3-CLM-0001658,none
batch-3-R001582,BATCH-3-CLM-0001659,none
batch-3-R001583,BATCH-3-CLM-0001660,none
batch-3-R001584,BATCH-3-CLM-0001661,none
batch-3-R001585,BATCH-3-CLM-0001662,none
batch-3-R001586,BATCH-3-CLM-0001663,none
batch-3-R001587,BATCH-3-CLM-0001664,none
batch-3-R001588,BATCH-3-CLM-0001665,none
batch-3-R001589,BATCH-3-CLM-0001666,none
batch-3-R001590,BATCH-3-CLM-0001667,none
batch-3-R001591,BATCH-3-CLM-0001668,none
batch-3-R001592,BATCH-3-CLM-0001669,none
batch-3-R001593,BATCH-3-CLM-0001670,none
batch-3-R001594,BATCH-3-CLM-0001671,none
batch-3-R001595,BATCH-3-CLM-0001672,none
batch-3-R001596,BATCH-3-CLM-0001673,none
batch-3-R001597,BATCH-3-CLM-0001674,none
batch-3-R001598,BATCH-3-CLM-0001675,none
batch-3-R001599,BATCH-3-CLM-0001676,none
batch-3-R001600,BATCH-3-CLM-0001677,none
batch-3-R001601,BATCH-3-CLM-0001678,none
batch-3-R001602,BATCH-3-CLM-0001679,none
batch-3-R001603,BATCH-3-CLM-0001680,none
batch-3-R001604,BATCH-3-CLM-0001681,none
batch-3-R001605,BATCH-3-CLM-0001682,none
batch-3-R001606,BATCH-3-CLM-0001683,none
batch-3-R001607,BATCH-3-CLM-0001684,none
batch-3-R001608,BATCH-3-CLM-0001685,none
batch-3-R001609,BATCH-3-CLM-0001686,none
batch-3-R001610,BATCH-3-CLM-0001687,none
batch-3-R001611,BATCH-3-CLM-0001688,none
batch-3-R001612,BATCH-3-CLM-0001689,none
batch-3-R001613,BATCH-3-CLM-0001690,none
batch-3-R001614,BATCH-3-CLM-0001691,none
batch-3-R001615,BATCH-3-CLM-0001692,none
batch-3-R001616,BATCH-3-CLM-0001693,none
batch-3-R001617,BATCH-3-CLM-0001694,none
batch-3-R001618,BATCH-3-CLM-0001695,none
batch-3-R001619,BATCH-3-CLM-0001696,none
batch-3-R001620,BATCH-3-CLM-0001697,none
batch-3-R001621,BATCH-3-CLM-0001698,none
batch-3-R001622,BATCH-3-CLM-0001699,none
batch-3-R001623,BATCH-3-CLM-0001700,none
batch-3-R001624,BATCH-3-CLM-0001701,none
batch-3-R001625,BATCH-3-CLM-0001702,none
batch-3-R001626,BATCH-3-CLM-0001703,none
batch-3-R001627,BATCH-3-CLM-0001704,none
batch-3-R001628,BATCH-3-CLM-0001705,none
batch-3-R001629,BATCH-3-CLM-0001706,none
batch-3-R001630,BATCH-3-CLM-0001707,none
batch-3-R001631,BATCH-3-CLM-0001708,none
batch-3-R001632,BATCH-3-CLM-0001709,none
batch-3-R001633,BATCH-3-CLM-0001710,none
batch-3-R001634,BATCH-3-CLM-0001711,none
batch-3-R001635,BATCH-3-CLM-0001712,none
batch-3-R001636,BATCH-3-CLM-0001713,none
batch-3-R001637,BATCH-3-CLM-0001714,none
batch-3-R001638,BATCH-3-CLM-0001715,none
batch-3-R001639,BATCH-3-CLM-0001716,none
batch-3-R001640,BATCH-3-CLM-0001717,none
batch-3-R001641,BATCH-3-CLM-0001718,none
batch-3-R001642,BATCH-3-CLM-0001719,none
batch-3-R001643,BATCH-3-CLM-0001720,none
batch-3-R001644,BATCH-3-CLM-0001721,none
batch-3-R001645,BATCH-3-CLM-0001722,none
batch-3-R001646,BATCH-3-CLM-0001723,none
batch-3-R001647,BATCH-3-CLM-0001724,none
batch-3-R001648,BATCH-3-CLM-0001725,none
batch-3-R001649,BATCH-3-CLM-0001726,none
batch-3-R001650,BATCH-3-CLM-0001727,none
batch-3-R001651,BATCH-3-CLM-0001728,none
batch-3-R001652,BATCH-3-CLM-0001729,none
batch-3-R001653,BATCH-3-CLM-0001730,none
batch-3-R001654,BATCH-3-CLM-0001731,none
batch-3-R001655,BATCH-3-CLM-0001732,none
batch-3-R001656,BATCH-3-CLM-0001733,none
batch-3-R001657,BATCH-3-CLM-0001734,none
batch-3-R001658,BATCH-3-CLM-0001735,none
batch-3-R001659,BATCH-3-CLM-0001736,none
batch-3-R001660,BATCH-3-CLM-0001737,none
batch-3-R001661,BATCH-3-CLM-0001738,none
batch-3-R001662,BATCH-3-CLM-0001739,none
batch-3-R001663,BATCH-3-CLM-0001740,none
batch-3-R001664,BATCH-3-CLM-0001741,none
batch-3-R001665,BATCH-3-CLM-0001742,none
batch-3-R001666,BATCH-3-CLM-0001743,none
batch-3-R001667,BATCH-3-CLM-0001744,none
batch-3-R001668,BATCH-3-CLM-0001745,none
batch-3-R001669,BATCH-3-CLM-0001746,none
batch-3-R001670,BATCH-3-CLM-0001747,none
batch-3-R001671,BATCH-3-CLM-0001748,none
batch-3-R001672,BATCH-3-CLM-0001749,none
batch-3-R001673,BATCH-3-CLM-0001750,none
batch-3-R001674,BATCH-3-CLM-0001751,none
batch-3-R001675,BATCH-3-CLM-0001752,none
batch-3-R001676,BATCH-3-CLM-0001753,none
batch-3-R001677,BATCH-3-CLM-0001754,none
batch-3-R001678,BATCH-3-CLM-0001755,none
batch-3-R001679,BATCH-3-CLM-0001756,none
batch-3-R001680,BATCH-3-CLM-0001757,none
batch-3-R001681,BATCH-3-CLM-0001758,none
batch-3-R001682,BATCH-3-CLM-0001759,none
batch-3-R001683,BATCH-3-CLM-0001760,none
batch-3-R001684,BATCH-3-CLM-0001761,none
batch-3-R001685,BATCH-3-CLM-0001762,none
batch-3-R001686,BATCH-3-CLM-0001763,none
batch-3-R001687,BATCH-3-CLM-0001764,none
batch-3-R001688,BATCH-3-CLM-0001765,none
batch-3-R001689,BATCH-3-CLM-0001766,none
batch-3-R001690,BATCH-3-CLM-0001767,none
batch-3-R001691,BATCH-3-CLM-0001768,none
batch-3-R001692,BATCH-3-CLM-0001769,none
batch-3-R001693,BATCH-3-CLM-0001770,none
batch-3-R001694,BATCH-3-CLM-0001771,none
batch-3-R001695,BATCH-3-CLM-0001772,none
batch-3-R001696,BATCH-3-CLM-0001773,none
batch-3-R001697,BATCH-3-CLM-0001774,none
batch-3-R001698,BATCH-3-CLM-0001775,none
batch-3-R001699,BATCH-3-CLM-0001776,none
batch-3-R001700,BATCH-3-CLM-0001777,none
batch-3-R001701,BATCH-3-CLM-0001778,none
batch-3-R001702,BATCH-3-CLM-0001779,none
batch-3-R001703,BATCH-3-CLM-0001780,none
batch-3-R001704,BATCH-3-CLM-0001781,none
batch-3-R001705,BATCH-3-CLM-0001782,none
batch-3-R001706,BATCH-3-CLM-0001783,none
batch-3-R001707,BATCH-3-CLM-0001784,none
batch-3-R001708,BATCH-3-CLM-0001785,none
batch-3-R001709,BATCH-3-CLM-0001786,none
batch-3-R001710,BATCH-3-CLM-0001787,none
batch-3-R001711,BATCH-3-CLM-0001788,none
batch-3-R001712,BATCH-3-CLM-0001789,none
batch-3-R001713,BATCH-3-CLM-0001790,none
batch-3-R001714,BATCH-3-CLM-0001791,none
batch-3-R001715,BATCH-3-CLM-0001792,none
batch-3-R001716,BATCH-3-CLM-0001793,none
batch-3-R001717,BATCH-3-CLM-0001794,none
batch-3-R001718,BATCH-3-CLM-0001795,none
batch-3-R001719,BATCH-3-CLM-0001796,none
batch-3-R001720,BATCH-3-CLM-0001797,amount_spike
batch-3-R001721,BATCH-3-CLM-0001798,none
batch-3-R001722,BATCH-3-CLM-0001799,amount_spike
batch-3-R001723,BATCH-3-CLM-0001800,none
batch-3-R001724,BATCH-3-CLM-0001801,amount_spike
batch-3-R001725,BATCH-3-CLM-0001802,none
batch-3-R001726,BATCH-3-CLM-0001803,none
batch-3-R001727,BATCH-3-CLM-0001804,none
batch-3-R001728,BATCH-3-CLM-0001805,amount_spike
batch-3-R001729,BATCH-3-CLM-0001806,amount_spike
batch-3-R001730,BATCH-3-CLM-0001807,amount_spike
batch-3-R001731,BATCH-3-CLM-0001808,none
batch-3-R001732,BATCH-3-CLM-0001809,amount_spike
batch-3-R001733,BATCH-3-CLM-0001810,amount_spike
batch-3-R001734,BATCH-3-CLM-0001811,none
batch-3-R001735,BATCH-3-CLM-0001812,amount_spike
batch-3-R001736,BATCH-3-CLM-0001813,none
batch-3-R001737,BATCH-3-CLM-0001814,none
batch-3-R001738,BATCH-3-CLM-0001815,none
batch-3-R001739,BATCH-3-CLM-0001816,none
batch-3-R001740,BATCH-3-CLM-0001817,amount_spike
batch-3-R001741,BATCH-3-CLM-0001818,amount_spike
batch-3-R001742,BATCH-3-CLM-0001819,amount_spike
batch-3-R001743,BATCH-3-CLM-0001820,amount_spike
batch-3-R001744,BATCH-3-CLM-0001821,amount_spike
batch-3-R001745,BATCH-3-CLM-0001822,none
batch-3-R001746,BATCH-3-CLM-0001823,amount_spike
batch-3-R001747,BATCH-3-CLM-0001824,amount_spike
batch-3-R001748,BATCH-3-CLM-0001825,none
batch-3-R001749,BATCH-3-CLM-0001826,amount_spike
batch-3-R001750,BATCH-3-CLM-0001827,amount_spike
batch-3-R001751,BATCH-3-CLM-0001828,amount_spike
batch-3-R001752,BATCH-3-CLM-0001829,none
batch-3-R001753,BATCH-3-CLM-0001830,amount_spike
batch-3-R001754,BATCH-3-CLM-0001831,amount_spike
batch-3-R001755,BATCH-3-CLM-0001832,amount_spike
batch-3-R001756,BATCH-3-CLM-0001833,amount_spike
batch-3-R001757,BATCH-3-CLM-0001834,none
batch-3-R001758,BATCH-3-CLM-0001835,amount_spike
batch-3-R001759,BATCH-3-CLM-0001836,amount_spike
batch-3-R001760,BATCH-3-CLM-0001837,amount_spike
batch-3-R001761,BATCH-3-CLM-0001838,none
batch-3-R001762,BATCH-3-CLM-0001839,amount_spike
batch-3-R001763,BATCH-3-CLM-0001840,none
batch-3-R001764,BATCH-3-CLM-0001841,none
batch-3-R001765,BATCH-3-CLM-0001842,amount_spike
batch-3-R001766,BATCH-3-CLM-0001843,amount_spike
batch-3-R001767,BATCH-3-CLM-0001844,none
batch-3-R001768,BATCH-3-CLM-0001845,amount_spike
batch-3-R001769,BATCH-3-CLM-0001846,none
batch-3-R001770,BATCH-3-CLM-0001847,amount_spike
batch-3-R001771,BATCH-3-CLM-0001848,amount_spike
batch-3-R001772,BATCH-3-CLM-0001849,amount_spike
batch-3-R001773,BATCH-3-CLM-0001850,amount_spike
batch-3-R001774,BATCH-3-CLM-0001851,none
batch-3-R001775,BATCH-3-CLM-0001852,none
batch-3-R001776,BATCH-3-CLM-0001853,amount_spike
batch-3-R001777,BATCH-3-CLM-0001854,none
batch-3-R001778,BATCH-3-CLM-0001855,amount_spike
batch-3-R001779,BATCH-3-CLM-0001856,amount_spike
batch-3-R001780,BATCH-3-CLM-0001857,amount_spike
batch-3-R001781,BATCH-3-CLM-0001858,none
batch-3-R001782,BATCH-3-CLM-0001859,none
batch-3-R001783,BATCH-3-CLM-0001860,none
batch-3-R001784,BATCH-3-CLM-0001861,none
batch-3-R001785,BATCH-3-CLM-0001862,none
batch-3-R001786,BATCH-3-CLM-0001863,none
batch-3-R001787,BATCH-3-CLM-0001864,none
batch-3-R001788,BATCH-3-CLM-0001865,none
batch-3-R001789,BATCH-3-CLM-0001866,none
batch-3-R001790,BATCH-3-CLM-0001867,none
batch-3-R001791,BATCH-3-CLM-0001868,none
batch-3-R001792,BATCH-3-CLM-0001869,none
batch-3-R001793,BATCH-3-CLM-0001870,none
batch-3-R001794,BATCH-3-CLM-0001871,none
batch-3-R001795,BATCH-3-CLM-0001872,none
batch-3-R001796,BATCH-3-CLM-0001873,none
batch-3-R001797,BATCH-3-CLM-0001874,none
batch-3-R001798,BATCH-3-CLM-0001875,none
batch-3-R001799,BATCH-3-CLM-0001876,none
batch-3-R001800,BATCH-3-CLM-0001877,none
batch-3-R001801,BATCH-3-CLM-0001878,none
batch-3-R001802,BATCH-3-CLM-0001879,none
batch-3-R001803,BATCH-3-CLM-0001880,none
batch-3-R001804,BATCH-3-CLM-0001881,none
batch-3-R001805,BATCH-3-CLM-0001882,none
batch-3-R001806,BATCH-3-CLM-0001883,none
batch-3-R001807,BATCH-3-CLM-0001884,none
batch-3-R001808,BATCH-3-CLM-0001885,none
batch-3-R001809,BATCH-3-CLM-0001886,none
batch-3-R001810,BATCH-3-CLM-0001887,none
batch-3-R001811,BATCH-3-CLM-0001888,none
batch-3-R001812,BATCH-3-CLM-0001889,none
batch-3-R001813,BATCH-3-CLM-0001890,none
batch-3-R001814,BATCH-3-CLM-0001891,none
batch-3-R001815,BATCH-3-CLM-0001892,none
batch-3-R001816,BATCH-3-CLM-0001893,none
batch-3-R001817,BATCH-3-CLM-0001894,none
batch-3-R001818,BATCH-3-CLM-0001895,none
batch-3-R001819,BATCH-3-CLM-0001896,none
batch-3-R001820,BATCH-3-CLM-0001897,none
batch-3-R001821,BATCH-3-CLM-0001898,none
batch-3-R001822,BATCH-3-CLM-0001899,none
